geo_hash,product_count,sub_cat_count
tdr1082,0,0
tdr1083,0,0
tdr1086,0,0
tdr1087,0,0
tdr1088,0,0
tdr1089,0,0
tdr108b,0,0
tdr108c,0,0
tdr108d,0,0
tdr108e,0,0
tdr108f,0,0
tdr108g,0,0
tdr108k,0,0
tdr108m,0,0
tdr108q,0,0
tdr108r,0,0
tdr108s,0,0
tdr108t,0,0
tdr108u,0,0
tdr108v,0,0
tdr108w,0,0
tdr108x,0,0
tdr108y,0,0
tdr108z,0,0
tdr1090,0,0
tdr1091,0,0
tdr1092,0,0
tdr1093,0,0
tdr1094,0,0
tdr1095,0,0
tdr1096,0,0
tdr1097,0,0
tdr1098,0,0
tdr1099,0,0
tdr109b,0,0
tdr109c,0,0
tdr109d,0,0
tdr109e,0,0
tdr109f,0,0
tdr109g,0,0
tdr109h,0,0
tdr109j,0,0
tdr109k,0,0
tdr109m,0,0
tdr109n,0,0
tdr109p,0,0
tdr109q,0,0
tdr109r,0,0
tdr109s,0,0
tdr109t,0,0
tdr109u,0,0
tdr109v,0,0
tdr109w,0,0
tdr109x,0,0
tdr109y,0,0
tdr109z,0,0
tdr10b2,0,0
tdr10b3,0,0
tdr10b6,0,0
tdr10b7,0,0
tdr10b8,0,0
tdr10b9,0,0
tdr10bb,0,0
tdr10bc,0,0
tdr10bd,0,0
tdr10be,0,0
tdr10bf,0,0
tdr10bg,0,0
tdr10bk,0,0
tdr10bm,0,0
tdr10bq,0,0
tdr10br,0,0
tdr10bs,0,0
tdr10bt,0,0
tdr10bu,0,0
tdr10bv,0,0
tdr10bw,0,0
tdr10bx,0,0
tdr10by,0,0
tdr10bz,0,0
tdr10c0,0,0
tdr10c1,0,0
tdr10c2,0,0
tdr10c3,0,0
tdr10c4,0,0
tdr10c5,0,0
tdr10c6,0,0
tdr10c7,0,0
tdr10c8,0,0
tdr10c9,0,0
tdr10cb,0,0
tdr10cc,0,0
tdr10cd,0,0
tdr10ce,0,0
tdr10cf,0,0
tdr10cg,0,0
tdr10ch,0,0
tdr10cj,0,0
tdr10ck,0,0
tdr10cm,0,0
tdr10cn,0,0
tdr10cp,0,0
tdr10cq,0,0
tdr10cr,0,0
tdr10cs,0,0
tdr10ct,0,0
tdr10cu,0,0
tdr10cv,0,0
tdr10cw,0,0
tdr10cx,0,0
tdr10cy,0,0
tdr10cz,0,0
tdr10d0,0,0
tdr10d1,0,0
tdr10d2,0,0
tdr10d3,0,0
tdr10d4,0,0
tdr10d5,0,0
tdr10d6,0,0
tdr10d7,0,0
tdr10d8,0,0
tdr10d9,0,0
tdr10db,0,0
tdr10dc,0,0
tdr10dd,0,0
tdr10de,0,0
tdr10df,0,0
tdr10dg,0,0
tdr10dh,0,0
tdr10dj,0,0
tdr10dk,0,0
tdr10dm,0,0
tdr10dn,0,0
tdr10dp,0,0
tdr10dq,0,0
tdr10dr,0,0
tdr10ds,0,0
tdr10dt,0,0
tdr10du,0,0
tdr10dv,0,0
tdr10dw,0,0
tdr10dx,0,0
tdr10dy,0,0
tdr10dz,0,0
tdr10e0,0,0
tdr10e1,0,0
tdr10e2,0,0
tdr10e3,0,0
tdr10e4,0,0
tdr10e5,0,0
tdr10e6,0,0
tdr10e7,0,0
tdr10e8,0,0
tdr10e9,0,0
tdr10eb,0,0
tdr10ec,0,0
tdr10ed,0,0
tdr10ee,0,0
tdr10ef,0,0
tdr10eg,0,0
tdr10eh,0,0
tdr10ej,0,0
tdr10ek,0,0
tdr10em,0,0
tdr10en,0,0
tdr10ep,0,0
tdr10eq,0,0
tdr10er,0,0
tdr10es,0,0
tdr10et,0,0
tdr10eu,0,0
tdr10ev,0,0
tdr10ew,0,0
tdr10ex,0,0
tdr10ey,0,0
tdr10ez,0,0
tdr10f0,0,0
tdr10f1,0,0
tdr10f2,0,0
tdr10f3,0,0
tdr10f4,0,0
tdr10f5,0,0
tdr10f6,0,0
tdr10f7,0,0
tdr10f8,0,0
tdr10f9,0,0
tdr10fb,0,0
tdr10fc,0,0
tdr10fd,0,0
tdr10fe,0,0
tdr10ff,0,0
tdr10fg,0,0
tdr10fh,0,0
tdr10fj,0,0
tdr10fk,0,0
tdr10fm,0,0
tdr10fn,0,0
tdr10fp,0,0
tdr10fq,0,0
tdr10fr,0,0
tdr10fs,0,0
tdr10ft,0,0
tdr10fu,0,0
tdr10fv,0,0
tdr10fw,0,0
tdr10fx,0,0
tdr10fy,0,0
tdr10fz,0,0
tdr10g0,0,0
tdr10g1,0,0
tdr10g2,0,0
tdr10g3,0,0
tdr10g4,0,0
tdr10g5,0,0
tdr10g6,0,0
tdr10g7,0,0
tdr10g8,0,0
tdr10g9,0,0
tdr10gb,0,0
tdr10gc,0,0
tdr10gd,0,0
tdr10ge,0,0
tdr10gf,0,0
tdr10gg,0,0
tdr10gh,0,0
tdr10gj,0,0
tdr10gk,0,0
tdr10gm,0,0
tdr10gn,0,0
tdr10gp,0,0
tdr10gq,0,0
tdr10gr,0,0
tdr10gs,0,0
tdr10gt,0,0
tdr10gu,0,0
tdr10gv,0,0
tdr10gw,0,0
tdr10gx,0,0
tdr10gy,0,0
tdr10gz,0,0
tdr10s0,0,0
tdr10s1,0,0
tdr10s2,0,0
tdr10s3,0,0
tdr10s4,0,0
tdr10s5,0,0
tdr10s6,0,0
tdr10s7,0,0
tdr10s8,0,0
tdr10s9,0,0
tdr10sb,0,0
tdr10sc,0,0
tdr10sd,0,0
tdr10se,0,0
tdr10sf,0,0
tdr10sg,0,0
tdr10sh,0,0
tdr10sj,0,0
tdr10sk,0,0
tdr10sm,0,0
tdr10sn,0,0
tdr10sp,0,0
tdr10sq,0,0
tdr10sr,0,0
tdr10ss,0,0
tdr10st,0,0
tdr10su,0,0
tdr10sv,0,0
tdr10sw,0,0
tdr10sx,0,0
tdr10sy,0,0
tdr10sz,0,0
tdr10t0,0,0
tdr10t1,0,0
tdr10t2,0,0
tdr10t3,0,0
tdr10t4,0,0
tdr10t5,0,0
tdr10t6,0,0
tdr10t7,0,0
tdr10t8,0,0
tdr10t9,0,0
tdr10tb,0,0
tdr10tc,0,0
tdr10td,0,0
tdr10te,0,0
tdr10tf,0,0
tdr10tg,0,0
tdr10th,0,0
tdr10tj,0,0
tdr10tk,0,0
tdr10tm,0,0
tdr10tn,0,0
tdr10tp,0,0
tdr10tq,0,0
tdr10tr,0,0
tdr10ts,0,0
tdr10tt,0,0
tdr10tu,0,0
tdr10tv,0,0
tdr10tw,0,0
tdr10tx,0,0
tdr10ty,0,0
tdr10tz,0,0
tdr10u0,0,0
tdr10u1,0,0
tdr10u2,0,0
tdr10u3,0,0
tdr10u4,0,0
tdr10u5,0,0
tdr10u6,0,0
tdr10u7,0,0
tdr10u8,0,0
tdr10u9,0,0
tdr10ub,0,0
tdr10uc,0,0
tdr10ud,0,0
tdr10ue,0,0
tdr10uf,0,0
tdr10ug,0,0
tdr10uh,0,0
tdr10uj,0,0
tdr10uk,0,0
tdr10um,0,0
tdr10un,0,0
tdr10up,0,0
tdr10uq,0,0
tdr10ur,0,0
tdr10us,0,0
tdr10ut,0,0
tdr10uu,0,0
tdr10uv,0,0
tdr10uw,0,0
tdr10ux,0,0
tdr10uy,0,0
tdr10uz,0,0
tdr10v0,0,0
tdr10v1,0,0
tdr10v2,0,0
tdr10v3,0,0
tdr10v4,0,0
tdr10v5,0,0
tdr10v6,0,0
tdr10v7,0,0
tdr10v8,0,0
tdr10v9,0,0
tdr10vb,0,0
tdr10vc,0,0
tdr10vd,0,0
tdr10ve,0,0
tdr10vf,0,0
tdr10vg,0,0
tdr10vh,0,0
tdr10vj,0,0
tdr10vk,0,0
tdr10vm,0,0
tdr10vn,0,0
tdr10vp,0,0
tdr10vq,0,0
tdr10vr,0,0
tdr10vs,0,0
tdr10vt,0,0
tdr10vu,0,0
tdr10vv,0,0
tdr10vw,0,0
tdr10vx,0,0
tdr10vy,0,0
tdr10vz,0,0
tdr10w0,0,0
tdr10w1,0,0
tdr10w2,0,0
tdr10w3,0,0
tdr10w4,0,0
tdr10w5,0,0
tdr10w6,0,0
tdr10w7,0,0
tdr10w8,0,0
tdr10w9,0,0
tdr10wb,0,0
tdr10wc,0,0
tdr10wd,0,0
tdr10we,0,0
tdr10wf,0,0
tdr10wg,0,0
tdr10wh,0,0
tdr10wj,0,0
tdr10wk,0,0
tdr10wm,0,0
tdr10wn,0,0
tdr10wp,0,0
tdr10wq,0,0
tdr10wr,0,0
tdr10ws,0,0
tdr10wt,0,0
tdr10wu,0,0
tdr10wv,0,0
tdr10ww,0,0
tdr10wx,0,0
tdr10wy,0,0
tdr10wz,0,0
tdr10x0,0,0
tdr10x1,0,0
tdr10x2,0,0
tdr10x3,0,0
tdr10x4,0,0
tdr10x5,0,0
tdr10x6,0,0
tdr10x7,0,0
tdr10x8,0,0
tdr10x9,0,0
tdr10xb,0,0
tdr10xc,0,0
tdr10xd,0,0
tdr10xe,0,0
tdr10xf,0,0
tdr10xg,0,0
tdr10xh,0,0
tdr10xj,0,0
tdr10xk,0,0
tdr10xm,0,0
tdr10xn,0,0
tdr10xp,0,0
tdr10xq,0,0
tdr10xr,0,0
tdr10xs,0,0
tdr10xt,0,0
tdr10xu,0,0
tdr10xv,0,0
tdr10xw,0,0
tdr10xx,0,0
tdr10xy,0,0
tdr10xz,0,0
tdr10y0,0,0
tdr10y1,0,0
tdr10y2,0,0
tdr10y3,0,0
tdr10y4,0,0
tdr10y5,0,0
tdr10y6,0,0
tdr10y7,0,0
tdr10y8,0,0
tdr10y9,0,0
tdr10yb,0,0
tdr10yc,0,0
tdr10yd,0,0
tdr10ye,0,0
tdr10yf,0,0
tdr10yg,0,0
tdr10yh,0,0
tdr10yj,0,0
tdr10yk,0,0
tdr10ym,0,0
tdr10yn,0,0
tdr10yp,0,0
tdr10yq,0,0
tdr10yr,0,0
tdr10ys,0,0
tdr10yt,0,0
tdr10yu,0,0
tdr10yv,0,0
tdr10yw,0,0
tdr10yx,0,0
tdr10yy,0,0
tdr10yz,0,0
tdr10z0,0,0
tdr10z1,0,0
tdr10z2,0,0
tdr10z3,0,0
tdr10z4,0,0
tdr10z5,0,0
tdr10z6,0,0
tdr10z7,0,0
tdr10z8,0,0
tdr10z9,0,0
tdr10zb,0,0
tdr10zc,0,0
tdr10zd,0,0
tdr10ze,0,0
tdr10zf,0,0
tdr10zg,0,0
tdr10zh,0,0
tdr10zj,0,0
tdr10zk,0,0
tdr10zm,0,0
tdr10zn,0,0
tdr10zp,0,0
tdr10zq,0,0
tdr10zr,0,0
tdr10zs,0,0
tdr10zt,0,0
tdr10zu,0,0
tdr10zv,0,0
tdr10zw,0,0
tdr10zx,0,0
tdr10zy,0,0
tdr10zz,0,0
tdr1102,0,0
tdr1103,0,0
tdr1106,0,0
tdr1107,0,0
tdr1108,0,0
tdr1109,0,0
tdr110b,0,0
tdr110c,0,0
tdr110d,0,0
tdr110e,0,0
tdr110f,0,0
tdr110g,0,0
tdr110k,0,0
tdr110m,0,0
tdr110q,0,0
tdr110r,0,0
tdr110s,0,0
tdr110t,0,0
tdr110u,0,0
tdr110v,0,0
tdr110w,0,0
tdr110x,0,0
tdr110y,0,0
tdr110z,0,0
tdr1110,0,0
tdr1111,0,0
tdr1112,0,0
tdr1113,0,0
tdr1114,0,0
tdr1115,0,0
tdr1116,0,0
tdr1117,0,0
tdr1118,0,0
tdr1119,0,0
tdr111b,0,0
tdr111c,0,0
tdr111d,0,0
tdr111e,0,0
tdr111f,0,0
tdr111g,0,0
tdr111h,0,0
tdr111j,0,0
tdr111k,0,0
tdr111m,0,0
tdr111n,0,0
tdr111p,0,0
tdr111q,0,0
tdr111r,0,0
tdr111s,0,0
tdr111t,0,0
tdr111u,0,0
tdr111v,0,0
tdr111w,0,0
tdr111x,0,0
tdr111y,0,0
tdr111z,0,0
tdr1122,0,0
tdr1123,0,0
tdr1126,0,0
tdr1127,0,0
tdr1128,0,0
tdr1129,0,0
tdr112b,0,0
tdr112c,0,0
tdr112d,0,0
tdr112e,0,0
tdr112f,0,0
tdr112g,0,0
tdr112k,0,0
tdr112m,0,0
tdr112q,0,0
tdr112r,0,0
tdr112s,0,0
tdr112t,0,0
tdr112u,0,0
tdr112v,0,0
tdr112w,0,0
tdr112x,0,0
tdr112y,0,0
tdr112z,0,0
tdr1130,0,0
tdr1131,0,0
tdr1132,0,0
tdr1133,0,0
tdr1134,0,0
tdr1135,0,0
tdr1136,0,0
tdr1137,0,0
tdr1138,0,0
tdr1139,0,0
tdr113b,0,0
tdr113c,0,0
tdr113d,0,0
tdr113e,0,0
tdr113f,0,0
tdr113g,0,0
tdr113h,0,0
tdr113j,0,0
tdr113k,0,0
tdr113m,0,0
tdr113n,0,0
tdr113p,0,0
tdr113q,0,0
tdr113r,0,0
tdr113s,0,0
tdr113t,0,0
tdr113u,0,0
tdr113v,0,0
tdr113w,0,0
tdr113x,0,0
tdr113y,0,0
tdr113z,0,0
tdr1140,0,0
tdr1141,0,0
tdr1142,0,0
tdr1143,0,0
tdr1144,0,0
tdr1145,0,0
tdr1146,0,0
tdr1147,0,0
tdr1148,0,0
tdr1149,0,0
tdr114b,0,0
tdr114c,0,0
tdr114d,0,0
tdr114e,0,0
tdr114f,0,0
tdr114g,0,0
tdr114h,0,0
tdr114j,0,0
tdr114k,0,0
tdr114m,0,0
tdr114n,0,0
tdr114p,0,0
tdr114q,0,0
tdr114r,0,0
tdr114s,0,0
tdr114t,0,0
tdr114u,0,0
tdr114v,0,0
tdr114w,0,0
tdr114x,0,0
tdr114y,0,0
tdr114z,0,0
tdr1150,0,0
tdr1151,0,0
tdr1152,0,0
tdr1153,0,0
tdr1154,0,0
tdr1155,0,0
tdr1156,0,0
tdr1157,0,0
tdr1158,0,0
tdr1159,0,0
tdr115b,0,0
tdr115c,0,0
tdr115d,0,0
tdr115e,0,0
tdr115f,0,0
tdr115g,0,0
tdr115h,0,0
tdr115j,0,0
tdr115k,0,0
tdr115m,0,0
tdr115n,0,0
tdr115p,0,0
tdr115q,0,0
tdr115r,0,0
tdr115s,0,0
tdr115t,0,0
tdr115u,0,0
tdr115v,0,0
tdr115w,0,0
tdr115x,0,0
tdr115y,0,0
tdr115z,0,0
tdr1160,0,0
tdr1161,0,0
tdr1162,0,0
tdr1163,0,0
tdr1164,0,0
tdr1165,0,0
tdr1166,0,0
tdr1167,0,0
tdr1168,0,0
tdr1169,0,0
tdr116b,0,0
tdr116c,0,0
tdr116d,0,0
tdr116e,0,0
tdr116f,0,0
tdr116g,0,0
tdr116h,0,0
tdr116j,0,0
tdr116k,0,0
tdr116m,0,0
tdr116n,0,0
tdr116p,0,0
tdr116q,0,0
tdr116r,0,0
tdr116s,0,0
tdr116t,0,0
tdr116u,0,0
tdr116v,0,0
tdr116w,0,0
tdr116x,0,0
tdr116y,0,0
tdr116z,0,0
tdr1170,0,0
tdr1171,0,0
tdr1172,0,0
tdr1173,0,0
tdr1174,0,0
tdr1175,0,0
tdr1176,0,0
tdr1177,0,0
tdr1178,0,0
tdr1179,0,0
tdr117b,0,0
tdr117c,0,0
tdr117d,0,0
tdr117e,0,0
tdr117f,0,0
tdr117g,0,0
tdr117h,0,0
tdr117j,0,0
tdr117k,0,0
tdr117m,0,0
tdr117n,0,0
tdr117p,0,0
tdr117q,0,0
tdr117r,0,0
tdr117s,0,0
tdr117t,0,0
tdr117u,0,0
tdr117v,0,0
tdr117w,0,0
tdr117x,0,0
tdr117y,0,0
tdr117z,0,0
tdr1182,0,0
tdr1183,0,0
tdr1186,0,0
tdr1187,0,0
tdr1188,0,0
tdr1189,0,0
tdr118b,0,0
tdr118c,0,0
tdr118d,0,0
tdr118e,0,0
tdr118f,0,0
tdr118g,0,0
tdr118k,0,0
tdr118m,0,0
tdr118q,0,0
tdr118r,0,0
tdr118s,0,0
tdr118t,0,0
tdr118u,0,0
tdr118v,0,0
tdr118w,0,0
tdr118x,0,0
tdr118y,0,0
tdr118z,0,0
tdr1190,0,0
tdr1191,0,0
tdr1192,0,0
tdr1193,0,0
tdr1194,0,0
tdr1195,0,0
tdr1196,0,0
tdr1197,0,0
tdr1198,0,0
tdr1199,0,0
tdr119b,0,0
tdr119c,0,0
tdr119d,0,0
tdr119e,0,0
tdr119f,0,0
tdr119g,0,0
tdr119h,0,0
tdr119j,0,0
tdr119k,0,0
tdr119m,0,0
tdr119n,0,0
tdr119p,0,0
tdr119q,0,0
tdr119r,0,0
tdr119s,0,0
tdr119t,0,0
tdr119u,0,0
tdr119v,0,0
tdr119w,0,0
tdr119x,0,0
tdr119y,0,0
tdr119z,0,0
tdr11b2,0,0
tdr11b3,0,0
tdr11b6,0,0
tdr11b7,0,0
tdr11b8,0,0
tdr11b9,0,0
tdr11bb,0,0
tdr11bc,0,0
tdr11bd,0,0
tdr11be,0,0
tdr11bf,0,0
tdr11bg,0,0
tdr11bk,0,0
tdr11bm,0,0
tdr11bq,0,0
tdr11br,0,0
tdr11bs,0,0
tdr11bt,0,0
tdr11bu,0,0
tdr11bv,0,0
tdr11bw,0,0
tdr11bx,0,0
tdr11by,0,0
tdr11bz,0,0
tdr11c0,0,0
tdr11c1,0,0
tdr11c2,0,0
tdr11c3,0,0
tdr11c4,0,0
tdr11c5,0,0
tdr11c6,0,0
tdr11c7,0,0
tdr11c8,0,0
tdr11c9,0,0
tdr11cb,0,0
tdr11cc,0,0
tdr11cd,0,0
tdr11ce,0,0
tdr11cf,0,0
tdr11cg,0,0
tdr11ch,0,0
tdr11cj,0,0
tdr11ck,0,0
tdr11cm,0,0
tdr11cn,0,0
tdr11cp,0,0
tdr11cq,0,0
tdr11cr,0,0
tdr11cs,0,0
tdr11ct,0,0
tdr11cu,0,0
tdr11cv,0,0
tdr11cw,0,0
tdr11cx,0,0
tdr11cy,0,0
tdr11cz,0,0
tdr11d0,0,0
tdr11d1,0,0
tdr11d2,0,0
tdr11d3,0,0
tdr11d4,0,0
tdr11d5,0,0
tdr11d6,0,0
tdr11d7,0,0
tdr11d8,0,0
tdr11d9,0,0
tdr11db,0,0
tdr11dc,0,0
tdr11dd,0,0
tdr11de,0,0
tdr11df,0,0
tdr11dg,0,0
tdr11dh,0,0
tdr11dj,0,0
tdr11dk,0,0
tdr11dm,0,0
tdr11dn,0,0
tdr11dp,0,0
tdr11dq,0,0
tdr11dr,0,0
tdr11ds,0,0
tdr11dt,0,0
tdr11du,0,0
tdr11dv,0,0
tdr11dw,0,0
tdr11dx,0,0
tdr11dy,0,0
tdr11dz,0,0
tdr11e0,0,0
tdr11e1,0,0
tdr11e2,0,0
tdr11e3,0,0
tdr11e4,0,0
tdr11e5,0,0
tdr11e6,0,0
tdr11e7,0,0
tdr11e8,0,0
tdr11e9,0,0
tdr11eb,0,0
tdr11ec,0,0
tdr11ed,0,0
tdr11ee,0,0
tdr11ef,0,0
tdr11eg,0,0
tdr11eh,0,0
tdr11ej,0,0
tdr11ek,0,0
tdr11em,0,0
tdr11en,0,0
tdr11ep,0,0
tdr11eq,0,0
tdr11er,0,0
tdr11es,0,0
tdr11et,0,0
tdr11eu,0,0
tdr11ev,0,0
tdr11ew,0,0
tdr11ex,0,0
tdr11ey,0,0
tdr11ez,0,0
tdr11f0,0,0
tdr11f1,0,0
tdr11f2,0,0
tdr11f3,0,0
tdr11f4,0,0
tdr11f5,0,0
tdr11f6,0,0
tdr11f7,0,0
tdr11f8,0,0
tdr11f9,0,0
tdr11fb,0,0
tdr11fc,0,0
tdr11fd,0,0
tdr11fe,0,0
tdr11ff,0,0
tdr11fg,0,0
tdr11fh,0,0
tdr11fj,0,0
tdr11fk,0,0
tdr11fm,0,0
tdr11fn,0,0
tdr11fp,0,0
tdr11fq,0,0
tdr11fr,0,0
tdr11fs,0,0
tdr11ft,0,0
tdr11fu,0,0
tdr11fv,0,0
tdr11fw,0,0
tdr11fx,0,0
tdr11fy,0,0
tdr11fz,0,0
tdr11g0,0,0
tdr11g1,0,0
tdr11g2,0,0
tdr11g3,0,0
tdr11g4,0,0
tdr11g5,0,0
tdr11g6,0,0
tdr11g7,0,0
tdr11g8,0,0
tdr11g9,0,0
tdr11gb,0,0
tdr11gc,0,0
tdr11gd,0,0
tdr11ge,0,0
tdr11gf,0,0
tdr11gg,0,0
tdr11gh,0,0
tdr11gj,0,0
tdr11gk,0,0
tdr11gm,0,0
tdr11gn,0,0
tdr11gp,0,0
tdr11gq,0,0
tdr11gr,0,0
tdr11gs,0,0
tdr11gt,0,0
tdr11gu,0,0
tdr11gv,0,0
tdr11gw,0,0
tdr11gx,0,0
tdr11gy,0,0
tdr11gz,0,0
tdr11h0,0,0
tdr11h1,0,0
tdr11h2,0,0
tdr11h3,0,0
tdr11h4,0,0
tdr11h5,0,0
tdr11h6,0,0
tdr11h7,0,0
tdr11h8,0,0
tdr11h9,0,0
tdr11hb,0,0
tdr11hc,0,0
tdr11hd,0,0
tdr11he,0,0
tdr11hf,0,0
tdr11hg,0,0
tdr11hh,0,0
tdr11hj,0,0
tdr11hk,0,0
tdr11hm,0,0
tdr11hn,0,0
tdr11hp,0,0
tdr11hq,0,0
tdr11hr,0,0
tdr11hs,0,0
tdr11ht,0,0
tdr11hu,0,0
tdr11hv,0,0
tdr11hw,0,0
tdr11hx,0,0
tdr11hy,0,0
tdr11hz,0,0
tdr11j0,0,0
tdr11j1,0,0
tdr11j2,0,0
tdr11j3,0,0
tdr11j4,0,0
tdr11j5,0,0
tdr11j6,0,0
tdr11j7,0,0
tdr11j8,0,0
tdr11j9,0,0
tdr11jb,0,0
tdr11jc,0,0
tdr11jd,0,0
tdr11je,0,0
tdr11jf,0,0
tdr11jg,0,0
tdr11jh,0,0
tdr11jj,0,0
tdr11jk,0,0
tdr11jm,0,0
tdr11jn,0,0
tdr11jp,0,0
tdr11jq,0,0
tdr11jr,0,0
tdr11js,0,0
tdr11jt,0,0
tdr11ju,0,0
tdr11jv,0,0
tdr11jw,0,0
tdr11jx,0,0
tdr11jy,0,0
tdr11jz,0,0
tdr11k0,0,0
tdr11k1,0,0
tdr11k2,0,0
tdr11k3,0,0
tdr11k4,0,0
tdr11k5,0,0
tdr11k6,0,0
tdr11k7,0,0
tdr11k8,0,0
tdr11k9,0,0
tdr11kb,0,0
tdr11kc,0,0
tdr11kd,0,0
tdr11ke,0,0
tdr11kf,0,0
tdr11kg,0,0
tdr11kh,0,0
tdr11kj,0,0
tdr11kk,0,0
tdr11km,0,0
tdr11kn,0,0
tdr11kp,0,0
tdr11kq,0,0
tdr11kr,0,0
tdr11ks,0,0
tdr11kt,0,0
tdr11ku,0,0
tdr11kv,0,0
tdr11kw,0,0
tdr11kx,0,0
tdr11ky,0,0
tdr11kz,0,0
tdr11m0,0,0
tdr11m1,0,0
tdr11m2,0,0
tdr11m3,0,0
tdr11m4,0,0
tdr11m5,0,0
tdr11m6,0,0
tdr11m7,0,0
tdr11m8,0,0
tdr11m9,0,0
tdr11mb,0,0
tdr11mc,0,0
tdr11md,0,0
tdr11me,0,0
tdr11mf,0,0
tdr11mg,0,0
tdr11mh,0,0
tdr11mj,0,0
tdr11mk,0,0
tdr11mm,0,0
tdr11mn,0,0
tdr11mp,0,0
tdr11mq,0,0
tdr11mr,0,0
tdr11ms,0,0
tdr11mt,0,0
tdr11mu,0,0
tdr11mv,0,0
tdr11mw,0,0
tdr11mx,0,0
tdr11my,0,0
tdr11mz,0,0
tdr11n0,0,0
tdr11n1,0,0
tdr11n2,0,0
tdr11n3,0,0
tdr11n4,0,0
tdr11n5,0,0
tdr11n6,0,0
tdr11n7,0,0
tdr11n8,0,0
tdr11n9,0,0
tdr11nb,0,0
tdr11nc,0,0
tdr11nd,0,0
tdr11ne,0,0
tdr11nf,0,0
tdr11ng,0,0
tdr11nh,0,0
tdr11nj,0,0
tdr11nk,0,0
tdr11nm,0,0
tdr11nn,0,0
tdr11np,0,0
tdr11nq,0,0
tdr11nr,0,0
tdr11ns,0,0
tdr11nt,0,0
tdr11nu,0,0
tdr11nv,0,0
tdr11nw,0,0
tdr11nx,0,0
tdr11ny,0,0
tdr11nz,0,0
tdr11p0,0,0
tdr11p1,0,0
tdr11p2,0,0
tdr11p3,0,0
tdr11p4,0,0
tdr11p5,0,0
tdr11p6,0,0
tdr11p7,0,0
tdr11p8,0,0
tdr11p9,0,0
tdr11pb,0,0
tdr11pc,0,0
tdr11pd,0,0
tdr11pe,0,0
tdr11pf,0,0
tdr11pg,0,0
tdr11ph,0,0
tdr11pj,0,0
tdr11pk,0,0
tdr11pm,0,0
tdr11pn,0,0
tdr11pp,0,0
tdr11pq,0,0
tdr11pr,0,0
tdr11ps,0,0
tdr11pt,0,0
tdr11pu,0,0
tdr11pv,0,0
tdr11pw,0,0
tdr11px,0,0
tdr11py,0,0
tdr11pz,0,0
tdr11q0,0,0
tdr11q1,0,0
tdr11q2,0,0
tdr11q3,0,0
tdr11q4,0,0
tdr11q5,0,0
tdr11q6,0,0
tdr11q7,0,0
tdr11q8,0,0
tdr11q9,0,0
tdr11qb,0,0
tdr11qc,0,0
tdr11qd,0,0
tdr11qe,0,0
tdr11qf,0,0
tdr11qg,0,0
tdr11qh,0,0
tdr11qj,0,0
tdr11qk,0,0
tdr11qm,0,0
tdr11qn,0,0
tdr11qp,0,0
tdr11qq,0,0
tdr11qr,0,0
tdr11qs,0,0
tdr11qt,0,0
tdr11qu,0,0
tdr11qv,0,0
tdr11qw,0,0
tdr11qx,0,0
tdr11qy,0,0
tdr11qz,0,0
tdr11r0,0,0
tdr11r1,0,0
tdr11r2,0,0
tdr11r3,0,0
tdr11r4,0,0
tdr11r5,0,0
tdr11r6,0,0
tdr11r7,0,0
tdr11r8,0,0
tdr11r9,0,0
tdr11rb,0,0
tdr11rc,0,0
tdr11rd,0,0
tdr11re,0,0
tdr11rf,0,0
tdr11rg,0,0
tdr11rh,0,0
tdr11rj,0,0
tdr11rk,0,0
tdr11rm,0,0
tdr11rn,0,0
tdr11rp,0,0
tdr11rq,0,0
tdr11rr,0,0
tdr11rs,0,0
tdr11rt,0,0
tdr11ru,0,0
tdr11rv,0,0
tdr11rw,0,0
tdr11rx,0,0
tdr11ry,0,0
tdr11rz,0,0
tdr11s0,0,0
tdr11s1,0,0
tdr11s2,0,0
tdr11s3,0,0
tdr11s4,0,0
tdr11s5,0,0
tdr11s6,0,0
tdr11s7,0,0
tdr11s8,0,0
tdr11s9,0,0
tdr11sb,0,0
tdr11sc,0,0
tdr11sd,0,0
tdr11se,0,0
tdr11sf,0,0
tdr11sg,0,0
tdr11sh,0,0
tdr11sj,0,0
tdr11sk,0,0
tdr11sm,0,0
tdr11sn,0,0
tdr11sp,0,0
tdr11sq,0,0
tdr11sr,0,0
tdr11ss,0,0
tdr11st,0,0
tdr11su,0,0
tdr11sv,0,0
tdr11sw,0,0
tdr11sx,0,0
tdr11sy,0,0
tdr11sz,0,0
tdr11t0,0,0
tdr11t1,0,0
tdr11t2,0,0
tdr11t3,0,0
tdr11t4,0,0
tdr11t5,0,0
tdr11t6,0,0
tdr11t7,0,0
tdr11t8,0,0
tdr11t9,0,0
tdr11tb,0,0
tdr11tc,0,0
tdr11td,0,0
tdr11te,0,0
tdr11tf,0,0
tdr11tg,0,0
tdr11th,0,0
tdr11tj,0,0
tdr11tk,0,0
tdr11tm,0,0
tdr11tn,0,0
tdr11tp,0,0
tdr11tq,0,0
tdr11tr,0,0
tdr11ts,0,0
tdr11tt,0,0
tdr11tu,0,0
tdr11tv,0,0
tdr11tw,0,0
tdr11tx,0,0
tdr11ty,0,0
tdr11tz,0,0
tdr11u0,0,0
tdr11u1,0,0
tdr11u2,0,0
tdr11u3,0,0
tdr11u4,0,0
tdr11u5,0,0
tdr11u6,0,0
tdr11u7,0,0
tdr11u8,0,0
tdr11u9,0,0
tdr11ub,0,0
tdr11uc,0,0
tdr11ud,0,0
tdr11ue,0,0
tdr11uf,0,0
tdr11ug,0,0
tdr11uh,0,0
tdr11uj,0,0
tdr11uk,0,0
tdr11um,0,0
tdr11un,0,0
tdr11up,0,0
tdr11uq,0,0
tdr11ur,0,0
tdr11us,0,0
tdr11ut,0,0
tdr11uu,0,0
tdr11uv,0,0
tdr11uw,0,0
tdr11ux,0,0
tdr11uy,0,0
tdr11uz,0,0
tdr11v0,0,0
tdr11v1,0,0
tdr11v2,0,0
tdr11v3,0,0
tdr11v4,0,0
tdr11v5,0,0
tdr11v6,0,0
tdr11v7,0,0
tdr11v8,0,0
tdr11v9,0,0
tdr11vb,0,0
tdr11vc,0,0
tdr11vd,0,0
tdr11ve,0,0
tdr11vf,0,0
tdr11vg,0,0
tdr11vh,0,0
tdr11vj,0,0
tdr11vk,0,0
tdr11vm,0,0
tdr11vn,0,0
tdr11vp,0,0
tdr11vq,0,0
tdr11vr,0,0
tdr11vs,0,0
tdr11vt,0,0
tdr11vu,0,0
tdr11vv,0,0
tdr11vw,0,0
tdr11vx,0,0
tdr11vy,0,0
tdr11vz,0,0
tdr11w0,0,0
tdr11w1,0,0
tdr11w2,0,0
tdr11w3,0,0
tdr11w4,0,0
tdr11w5,0,0
tdr11w6,0,0
tdr11w7,0,0
tdr11w8,0,0
tdr11w9,0,0
tdr11wb,0,0
tdr11wc,0,0
tdr11wd,0,0
tdr11we,0,0
tdr11wf,0,0
tdr11wg,0,0
tdr11wh,0,0
tdr11wj,0,0
tdr11wk,0,0
tdr11wm,0,0
tdr11wn,0,0
tdr11wp,0,0
tdr11wq,0,0
tdr11wr,0,0
tdr11ws,0,0
tdr11wt,0,0
tdr11wu,0,0
tdr11wv,0,0
tdr11ww,0,0
tdr11wx,0,0
tdr11wy,0,0
tdr11wz,0,0
tdr11x0,0,0
tdr11x1,0,0
tdr11x2,0,0
tdr11x3,0,0
tdr11x4,0,0
tdr11x5,0,0
tdr11x6,0,0
tdr11x7,0,0
tdr11x8,0,0
tdr11x9,0,0
tdr11xb,0,0
tdr11xc,0,0
tdr11xd,0,0
tdr11xe,0,0
tdr11xf,0,0
tdr11xg,0,0
tdr11xh,0,0
tdr11xj,0,0
tdr11xk,0,0
tdr11xm,0,0
tdr11xn,0,0
tdr11xp,0,0
tdr11xq,0,0
tdr11xr,0,0
tdr11xs,0,0
tdr11xt,0,0
tdr11xu,0,0
tdr11xv,0,0
tdr11xw,0,0
tdr11xx,0,0
tdr11xy,0,0
tdr11xz,0,0
tdr11y0,0,0
tdr11y1,0,0
tdr11y2,0,0
tdr11y3,0,0
tdr11y4,0,0
tdr11y5,0,0
tdr11y6,0,0
tdr11y7,0,0
tdr11y8,0,0
tdr11y9,0,0
tdr11yb,0,0
tdr11yc,0,0
tdr11yd,0,0
tdr11ye,0,0
tdr11yf,0,0
tdr11yg,0,0
tdr11yh,0,0
tdr11yj,0,0
tdr11yk,0,0
tdr11ym,0,0
tdr11yn,0,0
tdr11yp,0,0
tdr11yq,0,0
tdr11yr,0,0
tdr11ys,0,0
tdr11yt,0,0
tdr11yu,0,0
tdr11yv,0,0
tdr11yw,0,0
tdr11yx,0,0
tdr11yy,0,0
tdr11yz,0,0
tdr11z0,0,0
tdr11z1,0,0
tdr11z2,0,0
tdr11z3,0,0
tdr11z4,0,0
tdr11z5,0,0
tdr11z6,0,0
tdr11z7,0,0
tdr11z8,0,0
tdr11z9,0,0
tdr11zb,0,0
tdr11zc,0,0
tdr11zd,0,0
tdr11ze,0,0
tdr11zf,0,0
tdr11zg,0,0
tdr11zh,0,0
tdr11zj,0,0
tdr11zk,0,0
tdr11zm,0,0
tdr11zn,0,0
tdr11zp,0,0
tdr11zq,0,0
tdr11zr,0,0
tdr11zs,0,0
tdr11zt,0,0
tdr11zu,0,0
tdr11zv,0,0
tdr11zw,0,0
tdr11zx,0,0
tdr11zy,0,0
tdr11zz,0,0
tdr1280,0,0
tdr1281,0,0
tdr1282,0,0
tdr1283,0,0
tdr1284,0,0
tdr1285,0,0
tdr1286,0,0
tdr1287,0,0
tdr1288,0,0
tdr1289,0,0
tdr128b,0,0
tdr128c,0,0
tdr128d,0,0
tdr128e,0,0
tdr128f,0,0
tdr128g,0,0
tdr128h,0,0
tdr128j,0,0
tdr128k,0,0
tdr128m,0,0
tdr128n,0,0
tdr128p,0,0
tdr128q,0,0
tdr128r,0,0
tdr128s,0,0
tdr128t,0,0
tdr128u,0,0
tdr128v,0,0
tdr128w,0,0
tdr128x,0,0
tdr128y,0,0
tdr128z,0,0
tdr1290,0,0
tdr1291,0,0
tdr1292,0,0
tdr1293,0,0
tdr1294,0,0
tdr1295,0,0
tdr1296,0,0
tdr1297,0,0
tdr1298,0,0
tdr1299,0,0
tdr129b,0,0
tdr129c,0,0
tdr129d,0,0
tdr129e,0,0
tdr129f,0,0
tdr129g,0,0
tdr129h,0,0
tdr129j,0,0
tdr129k,0,0
tdr129m,0,0
tdr129n,0,0
tdr129p,0,0
tdr129q,0,0
tdr129r,0,0
tdr129s,0,0
tdr129t,0,0
tdr129u,0,0
tdr129v,0,0
tdr129w,0,0
tdr129x,0,0
tdr129y,0,0
tdr129z,0,0
tdr12b0,0,0
tdr12b1,0,0
tdr12b2,0,0
tdr12b3,0,0
tdr12b4,0,0
tdr12b5,0,0
tdr12b6,0,0
tdr12b7,0,0
tdr12b8,0,0
tdr12b9,0,0
tdr12bb,0,0
tdr12bc,0,0
tdr12bd,0,0
tdr12be,0,0
tdr12bf,0,0
tdr12bg,0,0
tdr12bh,0,0
tdr12bj,0,0
tdr12bk,0,0
tdr12bm,0,0
tdr12bn,0,0
tdr12bp,0,0
tdr12bq,0,0
tdr12br,0,0
tdr12bs,0,0
tdr12bt,0,0
tdr12bu,0,0
tdr12bv,0,0
tdr12bw,0,0
tdr12bx,0,0
tdr12by,0,0
tdr12bz,0,0
tdr12c0,0,0
tdr12c1,0,0
tdr12c2,0,0
tdr12c3,0,0
tdr12c4,0,0
tdr12c5,0,0
tdr12c6,0,0
tdr12c7,0,0
tdr12c8,0,0
tdr12c9,0,0
tdr12cb,0,0
tdr12cc,0,0
tdr12cd,0,0
tdr12ce,0,0
tdr12cf,0,0
tdr12cg,0,0
tdr12ch,0,0
tdr12cj,0,0
tdr12ck,0,0
tdr12cm,0,0
tdr12cn,0,0
tdr12cp,0,0
tdr12cq,0,0
tdr12cr,0,0
tdr12cs,0,0
tdr12ct,0,0
tdr12cu,0,0
tdr12cv,0,0
tdr12cw,0,0
tdr12cx,0,0
tdr12cy,0,0
tdr12cz,0,0
tdr12d0,0,0
tdr12d1,0,0
tdr12d2,0,0
tdr12d3,0,0
tdr12d4,0,0
tdr12d5,0,0
tdr12d6,0,0
tdr12d7,0,0
tdr12d8,0,0
tdr12d9,0,0
tdr12db,0,0
tdr12dc,0,0
tdr12dd,0,0
tdr12de,0,0
tdr12df,0,0
tdr12dg,0,0
tdr12dh,0,0
tdr12dj,0,0
tdr12dk,0,0
tdr12dm,0,0
tdr12dn,0,0
tdr12dp,0,0
tdr12dq,0,0
tdr12dr,0,0
tdr12ds,0,0
tdr12dt,0,0
tdr12du,0,0
tdr12dv,0,0
tdr12dw,0,0
tdr12dx,0,0
tdr12dy,0,0
tdr12dz,0,0
tdr12e0,0,0
tdr12e1,0,0
tdr12e2,0,0
tdr12e3,0,0
tdr12e4,0,0
tdr12e5,0,0
tdr12e6,0,0
tdr12e7,0,0
tdr12e8,0,0
tdr12e9,0,0
tdr12eb,0,0
tdr12ec,0,0
tdr12ed,0,0
tdr12ee,0,0
tdr12ef,0,0
tdr12eg,0,0
tdr12eh,0,0
tdr12ej,0,0
tdr12ek,0,0
tdr12em,0,0
tdr12en,0,0
tdr12ep,0,0
tdr12eq,0,0
tdr12er,0,0
tdr12es,0,0
tdr12et,0,0
tdr12eu,0,0
tdr12ev,0,0
tdr12ew,0,0
tdr12ex,0,0
tdr12ey,0,0
tdr12ez,0,0
tdr12f0,0,0
tdr12f1,0,0
tdr12f2,0,0
tdr12f3,0,0
tdr12f4,0,0
tdr12f5,0,0
tdr12f6,0,0
tdr12f7,0,0
tdr12f8,0,0
tdr12f9,0,0
tdr12fb,0,0
tdr12fc,0,0
tdr12fd,0,0
tdr12fe,0,0
tdr12ff,0,0
tdr12fg,0,0
tdr12fh,0,0
tdr12fj,0,0
tdr12fk,0,0
tdr12fm,0,0
tdr12fn,0,0
tdr12fp,0,0
tdr12fq,0,0
tdr12fr,0,0
tdr12fs,0,0
tdr12ft,0,0
tdr12fu,0,0
tdr12fv,0,0
tdr12fw,0,0
tdr12fx,0,0
tdr12fy,0,0
tdr12fz,0,0
tdr12g0,0,0
tdr12g1,0,0
tdr12g2,0,0
tdr12g3,0,0
tdr12g4,0,0
tdr12g5,0,0
tdr12g6,0,0
tdr12g7,0,0
tdr12g8,0,0
tdr12g9,0,0
tdr12gb,0,0
tdr12gc,0,0
tdr12gd,0,0
tdr12ge,0,0
tdr12gf,0,0
tdr12gg,0,0
tdr12gh,0,0
tdr12gj,0,0
tdr12gk,0,0
tdr12gm,0,0
tdr12gn,0,0
tdr12gp,0,0
tdr12gq,0,0
tdr12gr,0,0
tdr12gs,0,0
tdr12gt,0,0
tdr12gu,0,0
tdr12gv,0,0
tdr12gw,0,0
tdr12gx,0,0
tdr12gy,0,0
tdr12gz,0,0
tdr12s0,0,0
tdr12s1,0,0
tdr12s2,0,0
tdr12s3,0,0
tdr12s4,0,0
tdr12s5,0,0
tdr12s6,0,0
tdr12s7,0,0
tdr12s8,0,0
tdr12s9,0,0
tdr12sb,0,0
tdr12sc,0,0
tdr12sd,0,0
tdr12se,0,0
tdr12sf,0,0
tdr12sg,0,0
tdr12sh,0,0
tdr12sj,0,0
tdr12sk,0,0
tdr12sm,0,0
tdr12sn,0,0
tdr12sp,0,0
tdr12sq,0,0
tdr12sr,0,0
tdr12ss,0,0
tdr12st,0,0
tdr12su,0,0
tdr12sv,0,0
tdr12sw,0,0
tdr12sx,0,0
tdr12sy,0,0
tdr12sz,0,0
tdr12t0,0,0
tdr12t1,0,0
tdr12t2,0,0
tdr12t3,0,0
tdr12t4,0,0
tdr12t5,0,0
tdr12t6,0,0
tdr12t7,0,0
tdr12t8,0,0
tdr12t9,0,0
tdr12tb,0,0
tdr12tc,0,0
tdr12td,0,0
tdr12te,0,0
tdr12tf,0,0
tdr12tg,0,0
tdr12th,0,0
tdr12tj,0,0
tdr12tk,0,0
tdr12tm,0,0
tdr12tn,0,0
tdr12tp,0,0
tdr12tq,0,0
tdr12tr,0,0
tdr12ts,0,0
tdr12tt,0,0
tdr12tu,0,0
tdr12tv,0,0
tdr12tw,0,0
tdr12tx,0,0
tdr12ty,0,0
tdr12tz,0,0
tdr12u0,0,0
tdr12u1,0,0
tdr12u2,0,0
tdr12u3,0,0
tdr12u4,0,0
tdr12u5,0,0
tdr12u6,0,0
tdr12u7,0,0
tdr12u8,0,0
tdr12u9,0,0
tdr12ub,0,0
tdr12uc,0,0
tdr12ud,0,0
tdr12ue,0,0
tdr12uf,0,0
tdr12ug,0,0
tdr12uh,0,0
tdr12uj,0,0
tdr12uk,0,0
tdr12um,0,0
tdr12un,0,0
tdr12up,0,0
tdr12uq,0,0
tdr12ur,0,0
tdr12us,0,0
tdr12ut,0,0
tdr12uu,0,0
tdr12uv,0,0
tdr12uw,0,0
tdr12ux,0,0
tdr12uy,0,0
tdr12uz,0,0
tdr12v0,0,0
tdr12v1,0,0
tdr12v2,0,0
tdr12v3,0,0
tdr12v4,0,0
tdr12v5,0,0
tdr12v6,0,0
tdr12v7,0,0
tdr12v8,0,0
tdr12v9,0,0
tdr12vb,0,0
tdr12vc,0,0
tdr12vd,0,0
tdr12ve,0,0
tdr12vf,0,0
tdr12vg,0,0
tdr12vh,0,0
tdr12vj,0,0
tdr12vk,0,0
tdr12vm,0,0
tdr12vn,0,0
tdr12vp,0,0
tdr12vq,0,0
tdr12vr,0,0
tdr12vs,0,0
tdr12vt,0,0
tdr12vu,0,0
tdr12vv,0,0
tdr12vw,0,0
tdr12vx,0,0
tdr12vy,0,0
tdr12vz,0,0
tdr12w0,0,0
tdr12w1,0,0
tdr12w2,0,0
tdr12w3,0,0
tdr12w4,0,0
tdr12w5,0,0
tdr12w6,0,0
tdr12w7,0,0
tdr12w8,0,0
tdr12w9,0,0
tdr12wb,0,0
tdr12wc,0,0
tdr12wd,0,0
tdr12we,0,0
tdr12wf,0,0
tdr12wg,0,0
tdr12wh,0,0
tdr12wj,0,0
tdr12wk,0,0
tdr12wm,0,0
tdr12wn,0,0
tdr12wp,0,0
tdr12wq,0,0
tdr12wr,0,0
tdr12ws,0,0
tdr12wt,0,0
tdr12wu,0,0
tdr12wv,0,0
tdr12ww,0,0
tdr12wx,0,0
tdr12wy,0,0
tdr12wz,0,0
tdr12x0,0,0
tdr12x1,0,0
tdr12x2,0,0
tdr12x3,0,0
tdr12x4,0,0
tdr12x5,0,0
tdr12x6,0,0
tdr12x7,0,0
tdr12x8,0,0
tdr12x9,0,0
tdr12xb,0,0
tdr12xc,0,0
tdr12xd,0,0
tdr12xe,0,0
tdr12xf,0,0
tdr12xg,0,0
tdr12xh,0,0
tdr12xj,0,0
tdr12xk,0,0
tdr12xm,0,0
tdr12xn,0,0
tdr12xp,0,0
tdr12xq,0,0
tdr12xr,0,0
tdr12xs,0,0
tdr12xt,0,0
tdr12xu,0,0
tdr12xv,0,0
tdr12xw,0,0
tdr12xx,0,0
tdr12xy,0,0
tdr12xz,0,0
tdr12y0,0,0
tdr12y1,0,0
tdr12y2,0,0
tdr12y3,0,0
tdr12y4,0,0
tdr12y5,0,0
tdr12y6,0,0
tdr12y7,0,0
tdr12y8,0,0
tdr12y9,0,0
tdr12yb,0,0
tdr12yc,0,0
tdr12yd,0,0
tdr12ye,0,0
tdr12yf,0,0
tdr12yg,0,0
tdr12yh,0,0
tdr12yj,0,0
tdr12yk,0,0
tdr12ym,0,0
tdr12yn,0,0
tdr12yp,0,0
tdr12yq,0,0
tdr12yr,0,0
tdr12ys,0,0
tdr12yt,0,0
tdr12yu,0,0
tdr12yv,0,0
tdr12yw,0,0
tdr12yx,0,0
tdr12yy,0,0
tdr12yz,0,0
tdr12z0,0,0
tdr12z1,0,0
tdr12z2,0,0
tdr12z3,0,0
tdr12z4,0,0
tdr12z5,0,0
tdr12z6,0,0
tdr12z7,0,0
tdr12z8,0,0
tdr12z9,0,0
tdr12zb,0,0
tdr12zc,0,0
tdr12zd,0,0
tdr12ze,0,0
tdr12zf,0,0
tdr12zg,0,0
tdr12zh,0,0
tdr12zj,0,0
tdr12zk,0,0
tdr12zm,0,0
tdr12zn,0,0
tdr12zp,0,0
tdr12zq,0,0
tdr12zr,0,0
tdr12zs,0,0
tdr12zt,0,0
tdr12zu,0,0
tdr12zv,0,0
tdr12zw,0,0
tdr12zx,0,0
tdr12zy,0,0
tdr12zz,0,0
tdr1300,0,0
tdr1301,0,0
tdr1302,0,0
tdr1303,0,0
tdr1304,0,0
tdr1305,0,0
tdr1306,0,0
tdr1307,0,0
tdr1308,0,0
tdr1309,0,0
tdr130b,0,0
tdr130c,0,0
tdr130d,0,0
tdr130e,0,0
tdr130f,0,0
tdr130g,0,0
tdr130h,0,0
tdr130j,0,0
tdr130k,0,0
tdr130m,0,0
tdr130n,0,0
tdr130p,0,0
tdr130q,0,0
tdr130r,0,0
tdr130s,0,0
tdr130t,0,0
tdr130u,0,0
tdr130v,0,0
tdr130w,0,0
tdr130x,0,0
tdr130y,0,0
tdr130z,0,0
tdr1310,0,0
tdr1311,0,0
tdr1312,0,0
tdr1313,0,0
tdr1314,0,0
tdr1315,0,0
tdr1316,0,0
tdr1317,0,0
tdr1318,0,0
tdr1319,0,0
tdr131b,0,0
tdr131c,0,0
tdr131d,0,0
tdr131e,0,0
tdr131f,0,0
tdr131g,0,0
tdr131h,0,0
tdr131j,0,0
tdr131k,0,0
tdr131m,0,0
tdr131n,0,0
tdr131p,0,0
tdr131q,0,0
tdr131r,0,0
tdr131s,0,0
tdr131t,0,0
tdr131u,0,0
tdr131v,0,0
tdr131w,0,0
tdr131x,0,0
tdr131y,0,0
tdr131z,0,0
tdr1320,0,0
tdr1321,0,0
tdr1322,0,0
tdr1323,0,0
tdr1324,0,0
tdr1325,0,0
tdr1326,0,0
tdr1327,0,0
tdr1328,0,0
tdr1329,0,0
tdr132b,0,0
tdr132c,0,0
tdr132d,0,0
tdr132e,0,0
tdr132f,0,0
tdr132g,0,0
tdr132h,0,0
tdr132j,0,0
tdr132k,0,0
tdr132m,0,0
tdr132n,0,0
tdr132p,0,0
tdr132q,0,0
tdr132r,0,0
tdr132s,0,0
tdr132t,0,0
tdr132u,0,0
tdr132v,0,0
tdr132w,0,0
tdr132x,0,0
tdr132y,0,0
tdr132z,0,0
tdr1330,0,0
tdr1331,0,0
tdr1332,0,0
tdr1333,0,0
tdr1334,0,0
tdr1335,0,0
tdr1336,0,0
tdr1337,0,0
tdr1338,0,0
tdr1339,0,0
tdr133b,0,0
tdr133c,0,0
tdr133d,0,0
tdr133e,0,0
tdr133f,0,0
tdr133g,0,0
tdr133h,0,0
tdr133j,0,0
tdr133k,0,0
tdr133m,0,0
tdr133n,0,0
tdr133p,0,0
tdr133q,0,0
tdr133r,0,0
tdr133s,0,0
tdr133t,0,0
tdr133u,0,0
tdr133v,0,0
tdr133w,0,0
tdr133x,0,0
tdr133y,0,0
tdr133z,0,0
tdr1340,0,0
tdr1341,0,0
tdr1342,0,0
tdr1343,0,0
tdr1344,0,0
tdr1345,0,0
tdr1346,0,0
tdr1347,0,0
tdr1348,0,0
tdr1349,0,0
tdr134b,0,0
tdr134c,0,0
tdr134d,0,0
tdr134e,0,0
tdr134f,0,0
tdr134g,0,0
tdr134h,0,0
tdr134j,0,0
tdr134k,0,0
tdr134m,0,0
tdr134n,0,0
tdr134p,0,0
tdr134q,0,0
tdr134r,0,0
tdr134s,0,0
tdr134t,0,0
tdr134u,0,0
tdr134v,0,0
tdr134w,0,0
tdr134x,0,0
tdr134y,0,0
tdr134z,0,0
tdr1350,0,0
tdr1351,0,0
tdr1352,0,0
tdr1353,0,0
tdr1354,0,0
tdr1355,0,0
tdr1356,0,0
tdr1357,0,0
tdr1358,0,0
tdr1359,0,0
tdr135b,0,0
tdr135c,0,0
tdr135d,0,0
tdr135e,0,0
tdr135f,0,0
tdr135g,0,0
tdr135h,0,0
tdr135j,0,0
tdr135k,0,0
tdr135m,0,0
tdr135n,0,0
tdr135p,0,0
tdr135q,0,0
tdr135r,0,0
tdr135s,0,0
tdr135t,0,0
tdr135u,0,0
tdr135v,0,0
tdr135w,0,0
tdr135x,0,0
tdr135y,0,0
tdr135z,0,0
tdr1360,0,0
tdr1361,0,0
tdr1362,0,0
tdr1363,0,0
tdr1364,0,0
tdr1365,0,0
tdr1366,0,0
tdr1367,0,0
tdr1368,0,0
tdr1369,0,0
tdr136b,0,0
tdr136c,0,0
tdr136d,0,0
tdr136e,0,0
tdr136f,0,0
tdr136g,0,0
tdr136h,0,0
tdr136j,0,0
tdr136k,0,0
tdr136m,0,0
tdr136n,0,0
tdr136p,0,0
tdr136q,0,0
tdr136r,0,0
tdr136s,0,0
tdr136t,0,0
tdr136u,0,0
tdr136v,0,0
tdr136w,0,0
tdr136x,0,0
tdr136y,0,0
tdr136z,0,0
tdr1370,0,0
tdr1371,0,0
tdr1372,0,0
tdr1373,0,0
tdr1374,0,0
tdr1375,0,0
tdr1376,0,0
tdr1377,0,0
tdr1378,0,0
tdr1379,0,0
tdr137b,0,0
tdr137c,0,0
tdr137d,0,0
tdr137e,0,0
tdr137f,0,0
tdr137g,0,0
tdr137h,0,0
tdr137j,0,0
tdr137k,0,0
tdr137m,0,0
tdr137n,0,0
tdr137p,0,0
tdr137q,0,0
tdr137r,0,0
tdr137s,0,0
tdr137t,0,0
tdr137u,0,0
tdr137v,0,0
tdr137w,0,0
tdr137x,0,0
tdr137y,0,0
tdr137z,0,0
tdr1380,0,0
tdr1381,0,0
tdr1382,0,0
tdr1383,0,0
tdr1384,0,0
tdr1385,0,0
tdr1386,0,0
tdr1387,0,0
tdr1388,0,0
tdr1389,0,0
tdr138b,0,0
tdr138c,0,0
tdr138d,0,0
tdr138e,0,0
tdr138f,0,0
tdr138g,0,0
tdr138h,0,0
tdr138j,0,0
tdr138k,0,0
tdr138m,0,0
tdr138n,0,0
tdr138p,0,0
tdr138q,0,0
tdr138r,0,0
tdr138s,0,0
tdr138t,0,0
tdr138u,0,0
tdr138v,0,0
tdr138w,0,0
tdr138x,0,0
tdr138y,0,0
tdr138z,0,0
tdr1390,0,0
tdr1391,0,0
tdr1392,0,0
tdr1393,0,0
tdr1394,0,0
tdr1395,0,0
tdr1396,0,0
tdr1397,0,0
tdr1398,0,0
tdr1399,0,0
tdr139b,0,0
tdr139c,0,0
tdr139d,0,0
tdr139e,0,0
tdr139f,0,0
tdr139g,0,0
tdr139h,0,0
tdr139j,0,0
tdr139k,0,0
tdr139m,0,0
tdr139n,0,0
tdr139p,0,0
tdr139q,0,0
tdr139r,0,0
tdr139s,0,0
tdr139t,0,0
tdr139u,0,0
tdr139v,0,0
tdr139w,0,0
tdr139x,0,0
tdr139y,0,0
tdr139z,0,0
tdr13b0,0,0
tdr13b1,0,0
tdr13b2,0,0
tdr13b3,0,0
tdr13b4,0,0
tdr13b5,0,0
tdr13b6,0,0
tdr13b7,0,0
tdr13b8,0,0
tdr13b9,0,0
tdr13bb,0,0
tdr13bc,0,0
tdr13bd,0,0
tdr13be,0,0
tdr13bf,0,0
tdr13bg,0,0
tdr13bh,0,0
tdr13bj,0,0
tdr13bk,0,0
tdr13bm,0,0
tdr13bn,0,0
tdr13bp,0,0
tdr13bq,0,0
tdr13br,0,0
tdr13bs,0,0
tdr13bt,0,0
tdr13bu,0,0
tdr13bv,0,0
tdr13bw,0,0
tdr13bx,0,0
tdr13by,0,0
tdr13bz,0,0
tdr13c0,0,0
tdr13c1,0,0
tdr13c2,0,0
tdr13c3,0,0
tdr13c4,0,0
tdr13c5,0,0
tdr13c6,0,0
tdr13c7,0,0
tdr13c8,0,0
tdr13c9,0,0
tdr13cb,0,0
tdr13cc,0,0
tdr13cd,0,0
tdr13ce,0,0
tdr13cf,0,0
tdr13cg,0,0
tdr13ch,0,0
tdr13cj,0,0
tdr13ck,0,0
tdr13cm,0,0
tdr13cn,0,0
tdr13cp,0,0
tdr13cq,0,0
tdr13cr,0,0
tdr13cs,0,0
tdr13ct,0,0
tdr13cu,0,0
tdr13cv,0,0
tdr13cw,0,0
tdr13cx,0,0
tdr13cy,0,0
tdr13cz,0,0
tdr13d0,0,0
tdr13d1,0,0
tdr13d2,0,0
tdr13d3,0,0
tdr13d4,0,0
tdr13d5,0,0
tdr13d6,0,0
tdr13d7,0,0
tdr13d8,0,0
tdr13d9,0,0
tdr13db,0,0
tdr13dc,0,0
tdr13dd,0,0
tdr13de,0,0
tdr13df,0,0
tdr13dg,0,0
tdr13dh,0,0
tdr13dj,0,0
tdr13dk,0,0
tdr13dm,0,0
tdr13dn,0,0
tdr13dp,0,0
tdr13dq,0,0
tdr13dr,0,0
tdr13ds,0,0
tdr13dt,0,0
tdr13du,0,0
tdr13dv,0,0
tdr13dw,0,0
tdr13dx,0,0
tdr13dy,0,0
tdr13dz,0,0
tdr13e0,0,0
tdr13e1,0,0
tdr13e2,0,0
tdr13e3,0,0
tdr13e4,0,0
tdr13e5,0,0
tdr13e6,0,0
tdr13e7,0,0
tdr13e8,0,0
tdr13e9,0,0
tdr13eb,0,0
tdr13ec,0,0
tdr13ed,0,0
tdr13ee,0,0
tdr13ef,0,0
tdr13eg,0,0
tdr13eh,0,0
tdr13ej,0,0
tdr13ek,0,0
tdr13em,0,0
tdr13en,0,0
tdr13ep,0,0
tdr13eq,0,0
tdr13er,0,0
tdr13es,0,0
tdr13et,0,0
tdr13eu,0,0
tdr13ev,0,0
tdr13ew,0,0
tdr13ex,0,0
tdr13ey,0,0
tdr13ez,0,0
tdr13f0,0,0
tdr13f1,0,0
tdr13f2,0,0
tdr13f3,0,0
tdr13f4,0,0
tdr13f5,0,0
tdr13f6,0,0
tdr13f7,0,0
tdr13f8,0,0
tdr13f9,0,0
tdr13fb,0,0
tdr13fc,0,0
tdr13fd,0,0
tdr13fe,0,0
tdr13ff,0,0
tdr13fg,0,0
tdr13fh,0,0
tdr13fj,0,0
tdr13fk,0,0
tdr13fm,0,0
tdr13fn,0,0
tdr13fp,0,0
tdr13fq,0,0
tdr13fr,0,0
tdr13fs,0,0
tdr13ft,0,0
tdr13fu,0,0
tdr13fv,0,0
tdr13fw,0,0
tdr13fx,0,0
tdr13fy,0,0
tdr13fz,0,0
tdr13g0,0,0
tdr13g1,0,0
tdr13g2,0,0
tdr13g3,0,0
tdr13g4,0,0
tdr13g5,0,0
tdr13g6,0,0
tdr13g7,0,0
tdr13g8,0,0
tdr13g9,0,0
tdr13gb,0,0
tdr13gc,0,0
tdr13gd,0,0
tdr13ge,0,0
tdr13gf,0,0
tdr13gg,0,0
tdr13gh,0,0
tdr13gj,0,0
tdr13gk,0,0
tdr13gm,0,0
tdr13gn,0,0
tdr13gp,0,0
tdr13gq,0,0
tdr13gr,0,0
tdr13gs,0,0
tdr13gt,0,0
tdr13gu,0,0
tdr13gv,0,0
tdr13gw,0,0
tdr13gx,0,0
tdr13gy,0,0
tdr13gz,0,0
tdr13h0,0,0
tdr13h1,0,0
tdr13h2,0,0
tdr13h3,0,0
tdr13h4,0,0
tdr13h5,0,0
tdr13h6,0,0
tdr13h7,0,0
tdr13h8,0,0
tdr13h9,0,0
tdr13hb,0,0
tdr13hc,0,0
tdr13hd,0,0
tdr13he,0,0
tdr13hf,0,0
tdr13hg,0,0
tdr13hh,0,0
tdr13hj,0,0
tdr13hk,0,0
tdr13hm,0,0
tdr13hn,0,0
tdr13hp,0,0
tdr13hq,0,0
tdr13hr,0,0
tdr13hs,0,0
tdr13ht,0,0
tdr13hu,0,0
tdr13hv,0,0
tdr13hw,0,0
tdr13hx,0,0
tdr13hy,0,0
tdr13hz,0,0
tdr13j0,0,0
tdr13j1,0,0
tdr13j2,0,0
tdr13j3,0,0
tdr13j4,0,0
tdr13j5,0,0
tdr13j6,0,0
tdr13j7,0,0
tdr13j8,0,0
tdr13j9,0,0
tdr13jb,0,0
tdr13jc,0,0
tdr13jd,0,0
tdr13je,0,0
tdr13jf,0,0
tdr13jg,0,0
tdr13jh,0,0
tdr13jj,0,0
tdr13jk,0,0
tdr13jm,0,0
tdr13jn,0,0
tdr13jp,0,0
tdr13jq,0,0
tdr13jr,0,0
tdr13js,0,0
tdr13jt,0,0
tdr13ju,0,0
tdr13jv,0,0
tdr13jw,0,0
tdr13jx,0,0
tdr13jy,0,0
tdr13jz,0,0
tdr13k0,0,0
tdr13k1,0,0
tdr13k2,0,0
tdr13k3,0,0
tdr13k4,0,0
tdr13k5,0,0
tdr13k6,0,0
tdr13k7,0,0
tdr13k8,0,0
tdr13k9,0,0
tdr13kb,0,0
tdr13kc,0,0
tdr13kd,0,0
tdr13ke,0,0
tdr13kf,0,0
tdr13kg,0,0
tdr13kh,0,0
tdr13kj,0,0
tdr13kk,0,0
tdr13km,0,0
tdr13kn,0,0
tdr13kp,0,0
tdr13kq,0,0
tdr13kr,0,0
tdr13ks,0,0
tdr13kt,0,0
tdr13ku,0,0
tdr13kv,0,0
tdr13kw,0,0
tdr13kx,0,0
tdr13ky,0,0
tdr13kz,0,0
tdr13m0,0,0
tdr13m1,0,0
tdr13m2,0,0
tdr13m3,0,0
tdr13m4,0,0
tdr13m5,0,0
tdr13m6,0,0
tdr13m7,0,0
tdr13m8,0,0
tdr13m9,0,0
tdr13mb,0,0
tdr13mc,0,0
tdr13md,0,0
tdr13me,0,0
tdr13mf,0,0
tdr13mg,0,0
tdr13mh,0,0
tdr13mj,0,0
tdr13mk,0,0
tdr13mm,0,0
tdr13mn,0,0
tdr13mp,0,0
tdr13mq,0,0
tdr13mr,0,0
tdr13ms,0,0
tdr13mt,0,0
tdr13mu,0,0
tdr13mv,0,0
tdr13mw,0,0
tdr13mx,0,0
tdr13my,0,0
tdr13mz,0,0
tdr13n0,0,0
tdr13n1,0,0
tdr13n2,0,0
tdr13n3,0,0
tdr13n4,0,0
tdr13n5,0,0
tdr13n6,0,0
tdr13n7,0,0
tdr13n8,0,0
tdr13n9,0,0
tdr13nb,0,0
tdr13nc,0,0
tdr13nd,0,0
tdr13ne,0,0
tdr13nf,0,0
tdr13ng,0,0
tdr13nh,0,0
tdr13nj,0,0
tdr13nk,0,0
tdr13nm,0,0
tdr13nn,0,0
tdr13np,0,0
tdr13nq,0,0
tdr13nr,0,0
tdr13ns,0,0
tdr13nt,0,0
tdr13nu,0,0
tdr13nv,0,0
tdr13nw,0,0
tdr13nx,0,0
tdr13ny,0,0
tdr13nz,0,0
tdr13p0,0,0
tdr13p1,0,0
tdr13p2,0,0
tdr13p3,0,0
tdr13p4,0,0
tdr13p5,0,0
tdr13p6,0,0
tdr13p7,0,0
tdr13p8,0,0
tdr13p9,0,0
tdr13pb,0,0
tdr13pc,0,0
tdr13pd,0,0
tdr13pe,0,0
tdr13pf,0,0
tdr13pg,0,0
tdr13ph,0,0
tdr13pj,0,0
tdr13pk,0,0
tdr13pm,0,0
tdr13pn,0,0
tdr13pp,0,0
tdr13pq,0,0
tdr13pr,0,0
tdr13ps,0,0
tdr13pt,0,0
tdr13pu,0,0
tdr13pv,0,0
tdr13pw,0,0
tdr13px,0,0
tdr13py,0,0
tdr13pz,0,0
tdr13q0,0,0
tdr13q1,0,0
tdr13q2,0,0
tdr13q3,0,0
tdr13q4,0,0
tdr13q5,0,0
tdr13q6,0,0
tdr13q7,0,0
tdr13q8,0,0
tdr13q9,0,0
tdr13qb,0,0
tdr13qc,0,0
tdr13qd,0,0
tdr13qe,0,0
tdr13qf,0,0
tdr13qg,0,0
tdr13qh,0,0
tdr13qj,0,0
tdr13qk,0,0
tdr13qm,0,0
tdr13qn,0,0
tdr13qp,0,0
tdr13qq,0,0
tdr13qr,0,0
tdr13qs,0,0
tdr13qt,0,0
tdr13qu,0,0
tdr13qv,0,0
tdr13qw,0,0
tdr13qx,0,0
tdr13qy,0,0
tdr13qz,0,0
tdr13r0,0,0
tdr13r1,0,0
tdr13r2,0,0
tdr13r3,0,0
tdr13r4,0,0
tdr13r5,0,0
tdr13r6,0,0
tdr13r7,0,0
tdr13r8,0,0
tdr13r9,0,0
tdr13rb,0,0
tdr13rc,0,0
tdr13rd,0,0
tdr13re,0,0
tdr13rf,0,0
tdr13rg,0,0
tdr13rh,0,0
tdr13rj,0,0
tdr13rk,0,0
tdr13rm,0,0
tdr13rn,0,0
tdr13rp,0,0
tdr13rq,0,0
tdr13rr,0,0
tdr13rs,0,0
tdr13rt,0,0
tdr13ru,0,0
tdr13rv,0,0
tdr13rw,0,0
tdr13rx,0,0
tdr13ry,0,0
tdr13rz,0,0
tdr13s0,0,0
tdr13s1,0,0
tdr13s2,0,0
tdr13s3,0,0
tdr13s4,0,0
tdr13s5,0,0
tdr13s6,0,0
tdr13s7,0,0
tdr13s8,0,0
tdr13s9,0,0
tdr13sb,0,0
tdr13sc,0,0
tdr13sd,0,0
tdr13se,0,0
tdr13sf,0,0
tdr13sg,0,0
tdr13sh,0,0
tdr13sj,0,0
tdr13sk,0,0
tdr13sm,0,0
tdr13sn,0,0
tdr13sp,0,0
tdr13sq,0,0
tdr13sr,0,0
tdr13ss,0,0
tdr13st,0,0
tdr13su,0,0
tdr13sv,0,0
tdr13sw,0,0
tdr13sx,0,0
tdr13sy,0,0
tdr13sz,0,0
tdr13t0,0,0
tdr13t1,0,0
tdr13t2,0,0
tdr13t3,0,0
tdr13t4,0,0
tdr13t5,0,0
tdr13t6,0,0
tdr13t7,0,0
tdr13t8,0,0
tdr13t9,0,0
tdr13tb,0,0
tdr13tc,0,0
tdr13td,0,0
tdr13te,0,0
tdr13tf,0,0
tdr13tg,0,0
tdr13th,0,0
tdr13tj,0,0
tdr13tk,0,0
tdr13tm,0,0
tdr13tn,0,0
tdr13tp,0,0
tdr13tq,0,0
tdr13tr,0,0
tdr13ts,0,0
tdr13tt,0,0
tdr13tu,0,0
tdr13tv,0,0
tdr13tw,0,0
tdr13tx,0,0
tdr13ty,0,0
tdr13tz,0,0
tdr13u0,0,0
tdr13u1,0,0
tdr13u2,0,0
tdr13u3,0,0
tdr13u4,0,0
tdr13u5,0,0
tdr13u6,0,0
tdr13u7,0,0
tdr13u8,0,0
tdr13u9,0,0
tdr13ub,0,0
tdr13uc,0,0
tdr13ud,0,0
tdr13ue,0,0
tdr13uf,0,0
tdr13ug,0,0
tdr13uh,0,0
tdr13uj,0,0
tdr13uk,0,0
tdr13um,0,0
tdr13un,0,0
tdr13up,0,0
tdr13uq,0,0
tdr13ur,0,0
tdr13us,0,0
tdr13ut,0,0
tdr13uu,0,0
tdr13uv,0,0
tdr13uw,0,0
tdr13ux,0,0
tdr13uy,0,0
tdr13uz,0,0
tdr13v0,0,0
tdr13v1,0,0
tdr13v2,0,0
tdr13v3,0,0
tdr13v4,0,0
tdr13v5,0,0
tdr13v6,0,0
tdr13v7,0,0
tdr13v8,0,0
tdr13v9,0,0
tdr13vb,0,0
tdr13vc,0,0
tdr13vd,0,0
tdr13ve,0,0
tdr13vf,0,0
tdr13vg,0,0
tdr13vh,0,0
tdr13vj,0,0
tdr13vk,0,0
tdr13vm,0,0
tdr13vn,0,0
tdr13vp,0,0
tdr13vq,0,0
tdr13vr,0,0
tdr13vs,0,0
tdr13vt,0,0
tdr13vu,0,0
tdr13vv,0,0
tdr13vw,0,0
tdr13vx,0,0
tdr13vy,0,0
tdr13vz,0,0
tdr13w0,0,0
tdr13w1,0,0
tdr13w2,0,0
tdr13w3,0,0
tdr13w4,0,0
tdr13w5,0,0
tdr13w6,0,0
tdr13w7,0,0
tdr13w8,0,0
tdr13w9,0,0
tdr13wb,0,0
tdr13wc,0,0
tdr13wd,0,0
tdr13we,0,0
tdr13wf,0,0
tdr13wg,0,0
tdr13wh,0,0
tdr13wj,0,0
tdr13wk,0,0
tdr13wm,0,0
tdr13wn,0,0
tdr13wp,0,0
tdr13wq,0,0
tdr13wr,0,0
tdr13ws,0,0
tdr13wt,0,0
tdr13wu,0,0
tdr13wv,0,0
tdr13ww,0,0
tdr13wx,0,0
tdr13wy,0,0
tdr13wz,0,0
tdr13x0,0,0
tdr13x1,0,0
tdr13x2,0,0
tdr13x3,0,0
tdr13x4,0,0
tdr13x5,0,0
tdr13x6,0,0
tdr13x7,0,0
tdr13x8,0,0
tdr13x9,0,0
tdr13xb,0,0
tdr13xc,0,0
tdr13xd,0,0
tdr13xe,0,0
tdr13xf,0,0
tdr13xg,0,0
tdr13xh,0,0
tdr13xj,0,0
tdr13xk,0,0
tdr13xm,0,0
tdr13xn,0,0
tdr13xp,0,0
tdr13xq,0,0
tdr13xr,0,0
tdr13xs,0,0
tdr13xt,0,0
tdr13xu,0,0
tdr13xv,0,0
tdr13xw,0,0
tdr13xx,0,0
tdr13xy,0,0
tdr13xz,0,0
tdr13y0,0,0
tdr13y1,0,0
tdr13y2,0,0
tdr13y3,0,0
tdr13y4,0,0
tdr13y5,0,0
tdr13y6,0,0
tdr13y7,0,0
tdr13y8,0,0
tdr13y9,0,0
tdr13yb,0,0
tdr13yc,0,0
tdr13yd,0,0
tdr13ye,0,0
tdr13yf,0,0
tdr13yg,0,0
tdr13yh,0,0
tdr13yj,0,0
tdr13yk,0,0
tdr13ym,0,0
tdr13yn,0,0
tdr13yp,0,0
tdr13yq,0,0
tdr13yr,0,0
tdr13ys,0,0
tdr13yt,0,0
tdr13yu,0,0
tdr13yv,0,0
tdr13yw,0,0
tdr13yx,0,0
tdr13yy,0,0
tdr13yz,0,0
tdr13z0,0,0
tdr13z1,0,0
tdr13z2,0,0
tdr13z3,0,0
tdr13z4,0,0
tdr13z5,0,0
tdr13z6,0,0
tdr13z7,0,0
tdr13z8,0,0
tdr13z9,0,0
tdr13zb,0,0
tdr13zc,0,0
tdr13zd,0,0
tdr13ze,0,0
tdr13zf,0,0
tdr13zg,0,0
tdr13zh,0,0
tdr13zj,0,0
tdr13zk,0,0
tdr13zm,0,0
tdr13zn,0,0
tdr13zp,0,0
tdr13zq,0,0
tdr13zr,0,0
tdr13zs,0,0
tdr13zt,0,0
tdr13zu,0,0
tdr13zv,0,0
tdr13zw,0,0
tdr13zx,0,0
tdr13zy,0,0
tdr13zz,0,0
tdr1402,0,0
tdr1403,0,0
tdr1406,0,0
tdr1407,0,0
tdr1408,0,0
tdr1409,0,0
tdr140b,0,0
tdr140c,0,0
tdr140d,0,0
tdr140e,0,0
tdr140f,0,0
tdr140g,0,0
tdr140k,0,0
tdr140m,0,0
tdr140q,0,0
tdr140r,0,0
tdr140s,0,0
tdr140t,0,0
tdr140u,0,0
tdr140v,0,0
tdr140w,0,0
tdr140x,0,0
tdr140y,0,0
tdr140z,0,0
tdr1410,0,0
tdr1411,0,0
tdr1412,0,0
tdr1413,0,0
tdr1414,0,0
tdr1415,0,0
tdr1416,0,0
tdr1417,0,0
tdr1418,0,0
tdr1419,0,0
tdr141b,0,0
tdr141c,0,0
tdr141d,0,0
tdr141e,0,0
tdr141f,0,0
tdr141g,0,0
tdr141h,0,0
tdr141j,0,0
tdr141k,0,0
tdr141m,0,0
tdr141n,0,0
tdr141p,0,0
tdr141q,0,0
tdr141r,0,0
tdr141s,0,0
tdr141t,0,0
tdr141u,0,0
tdr141v,0,0
tdr141w,0,0
tdr141x,0,0
tdr141y,0,0
tdr141z,0,0
tdr1422,0,0
tdr1423,0,0
tdr1426,0,0
tdr1427,0,0
tdr1428,0,0
tdr1429,0,0
tdr142b,0,0
tdr142c,0,0
tdr142d,0,0
tdr142e,0,0
tdr142f,0,0
tdr142g,0,0
tdr142k,0,0
tdr142m,0,0
tdr142q,0,0
tdr142r,0,0
tdr142s,0,0
tdr142t,0,0
tdr142u,0,0
tdr142v,0,0
tdr142w,0,0
tdr142x,0,0
tdr142y,0,0
tdr142z,0,0
tdr1430,0,0
tdr1431,0,0
tdr1432,0,0
tdr1433,0,0
tdr1434,0,0
tdr1435,0,0
tdr1436,0,0
tdr1437,0,0
tdr1438,0,0
tdr1439,0,0
tdr143b,0,0
tdr143c,0,0
tdr143d,0,0
tdr143e,0,0
tdr143f,0,0
tdr143g,0,0
tdr143h,0,0
tdr143j,0,0
tdr143k,0,0
tdr143m,0,0
tdr143n,0,0
tdr143p,0,0
tdr143q,0,0
tdr143r,0,0
tdr143s,0,0
tdr143t,0,0
tdr143u,0,0
tdr143v,0,0
tdr143w,0,0
tdr143x,0,0
tdr143y,0,0
tdr143z,0,0
tdr1440,0,0
tdr1441,0,0
tdr1442,0,0
tdr1443,0,0
tdr1444,0,0
tdr1445,0,0
tdr1446,0,0
tdr1447,0,0
tdr1448,0,0
tdr1449,0,0
tdr144b,0,0
tdr144c,0,0
tdr144d,0,0
tdr144e,0,0
tdr144f,0,0
tdr144g,0,0
tdr144h,0,0
tdr144j,0,0
tdr144k,0,0
tdr144m,0,0
tdr144n,0,0
tdr144p,0,0
tdr144q,0,0
tdr144r,0,0
tdr144s,0,0
tdr144t,0,0
tdr144u,0,0
tdr144v,0,0
tdr144w,0,0
tdr144x,0,0
tdr144y,0,0
tdr144z,0,0
tdr1450,0,0
tdr1451,0,0
tdr1452,0,0
tdr1453,0,0
tdr1454,0,0
tdr1455,0,0
tdr1456,0,0
tdr1457,0,0
tdr1458,0,0
tdr1459,0,0
tdr145b,0,0
tdr145c,0,0
tdr145d,0,0
tdr145e,0,0
tdr145f,0,0
tdr145g,0,0
tdr145h,0,0
tdr145j,0,0
tdr145k,0,0
tdr145m,0,0
tdr145n,0,0
tdr145p,0,0
tdr145q,0,0
tdr145r,0,0
tdr145s,0,0
tdr145t,0,0
tdr145u,0,0
tdr145v,0,0
tdr145w,0,0
tdr145x,0,0
tdr145y,0,0
tdr145z,0,0
tdr1460,0,0
tdr1461,0,0
tdr1462,0,0
tdr1463,0,0
tdr1464,0,0
tdr1465,0,0
tdr1466,0,0
tdr1467,0,0
tdr1468,0,0
tdr1469,0,0
tdr146b,0,0
tdr146c,0,0
tdr146d,0,0
tdr146e,0,0
tdr146f,0,0
tdr146g,0,0
tdr146h,0,0
tdr146j,0,0
tdr146k,0,0
tdr146m,0,0
tdr146n,0,0
tdr146p,0,0
tdr146q,0,0
tdr146r,0,0
tdr146s,0,0
tdr146t,0,0
tdr146u,0,0
tdr146v,0,0
tdr146w,0,0
tdr146x,0,0
tdr146y,0,0
tdr146z,0,0
tdr1470,0,0
tdr1471,0,0
tdr1472,0,0
tdr1473,0,0
tdr1474,0,0
tdr1475,0,0
tdr1476,0,0
tdr1477,0,0
tdr1478,0,0
tdr1479,0,0
tdr147b,0,0
tdr147c,0,0
tdr147d,0,0
tdr147e,0,0
tdr147f,0,0
tdr147g,0,0
tdr147h,0,0
tdr147j,0,0
tdr147k,0,0
tdr147m,0,0
tdr147n,0,0
tdr147p,0,0
tdr147q,0,0
tdr147r,0,0
tdr147s,0,0
tdr147t,0,0
tdr147u,0,0
tdr147v,0,0
tdr147w,0,0
tdr147x,0,0
tdr147y,0,0
tdr147z,0,0
tdr1482,0,0
tdr1483,0,0
tdr1486,0,0
tdr1487,0,0
tdr1488,0,0
tdr1489,0,0
tdr148b,0,0
tdr148c,0,0
tdr148d,0,0
tdr148e,0,0
tdr148f,0,0
tdr148g,0,0
tdr148k,0,0
tdr148m,0,0
tdr148q,0,0
tdr148r,0,0
tdr148s,0,0
tdr148t,0,0
tdr148u,0,0
tdr148v,0,0
tdr148w,0,0
tdr148x,0,0
tdr148y,0,0
tdr148z,0,0
tdr1490,0,0
tdr1491,0,0
tdr1492,0,0
tdr1493,0,0
tdr1494,0,0
tdr1495,0,0
tdr1496,0,0
tdr1497,0,0
tdr1498,0,0
tdr1499,0,0
tdr149b,0,0
tdr149c,0,0
tdr149d,0,0
tdr149e,0,0
tdr149f,0,0
tdr149g,0,0
tdr149h,0,0
tdr149j,0,0
tdr149k,0,0
tdr149m,0,0
tdr149n,0,0
tdr149p,0,0
tdr149q,0,0
tdr149r,0,0
tdr149s,0,0
tdr149t,0,0
tdr149u,0,0
tdr149v,0,0
tdr149w,0,0
tdr149x,0,0
tdr149y,0,0
tdr149z,0,0
tdr14b2,0,0
tdr14b3,0,0
tdr14b6,0,0
tdr14b7,0,0
tdr14b8,0,0
tdr14b9,0,0
tdr14bb,0,0
tdr14bc,0,0
tdr14bd,0,0
tdr14be,0,0
tdr14bf,0,0
tdr14bg,0,0
tdr14bk,0,0
tdr14bm,0,0
tdr14bq,0,0
tdr14br,0,0
tdr14bs,0,0
tdr14bt,0,0
tdr14bu,0,0
tdr14bv,0,0
tdr14bw,0,0
tdr14bx,0,0
tdr14by,0,0
tdr14bz,0,0
tdr14c0,0,0
tdr14c1,0,0
tdr14c2,0,0
tdr14c3,0,0
tdr14c4,0,0
tdr14c5,0,0
tdr14c6,0,0
tdr14c7,0,0
tdr14c8,0,0
tdr14c9,0,0
tdr14cb,0,0
tdr14cc,0,0
tdr14cd,0,0
tdr14ce,0,0
tdr14cf,0,0
tdr14cg,0,0
tdr14ch,0,0
tdr14cj,0,0
tdr14ck,0,0
tdr14cm,0,0
tdr14cn,0,0
tdr14cp,0,0
tdr14cq,0,0
tdr14cr,0,0
tdr14cs,0,0
tdr14ct,0,0
tdr14cu,0,0
tdr14cv,0,0
tdr14cw,0,0
tdr14cx,0,0
tdr14cy,0,0
tdr14cz,0,0
tdr14d0,0,0
tdr14d1,0,0
tdr14d2,0,0
tdr14d3,0,0
tdr14d4,0,0
tdr14d5,0,0
tdr14d6,0,0
tdr14d7,0,0
tdr14d8,0,0
tdr14d9,0,0
tdr14db,0,0
tdr14dc,0,0
tdr14dd,0,0
tdr14de,0,0
tdr14df,0,0
tdr14dg,0,0
tdr14dh,0,0
tdr14dj,0,0
tdr14dk,0,0
tdr14dm,0,0
tdr14dn,0,0
tdr14dp,0,0
tdr14dq,0,0
tdr14dr,0,0
tdr14ds,0,0
tdr14dt,0,0
tdr14du,0,0
tdr14dv,0,0
tdr14dw,0,0
tdr14dx,0,0
tdr14dy,0,0
tdr14dz,0,0
tdr14e0,0,0
tdr14e1,0,0
tdr14e2,0,0
tdr14e3,0,0
tdr14e4,0,0
tdr14e5,0,0
tdr14e6,0,0
tdr14e7,0,0
tdr14e8,0,0
tdr14e9,0,0
tdr14eb,0,0
tdr14ec,0,0
tdr14ed,0,0
tdr14ee,0,0
tdr14ef,0,0
tdr14eg,0,0
tdr14eh,0,0
tdr14ej,0,0
tdr14ek,0,0
tdr14em,0,0
tdr14en,0,0
tdr14ep,0,0
tdr14eq,0,0
tdr14er,0,0
tdr14es,0,0
tdr14et,0,0
tdr14eu,0,0
tdr14ev,0,0
tdr14ew,0,0
tdr14ex,0,0
tdr14ey,0,0
tdr14ez,0,0
tdr14f0,0,0
tdr14f1,0,0
tdr14f2,0,0
tdr14f3,0,0
tdr14f4,0,0
tdr14f5,0,0
tdr14f6,0,0
tdr14f7,0,0
tdr14f8,0,0
tdr14f9,0,0
tdr14fb,0,0
tdr14fc,0,0
tdr14fd,0,0
tdr14fe,0,0
tdr14ff,0,0
tdr14fg,0,0
tdr14fh,0,0
tdr14fj,0,0
tdr14fk,0,0
tdr14fm,0,0
tdr14fn,0,0
tdr14fp,0,0
tdr14fq,0,0
tdr14fr,0,0
tdr14fs,0,0
tdr14ft,0,0
tdr14fu,0,0
tdr14fv,0,0
tdr14fw,0,0
tdr14fx,0,0
tdr14fy,0,0
tdr14fz,0,0
tdr14g0,0,0
tdr14g1,0,0
tdr14g2,0,0
tdr14g3,0,0
tdr14g4,0,0
tdr14g5,0,0
tdr14g6,0,0
tdr14g7,0,0
tdr14g8,0,0
tdr14g9,0,0
tdr14gb,0,0
tdr14gc,0,0
tdr14gd,0,0
tdr14ge,0,0
tdr14gf,0,0
tdr14gg,0,0
tdr14gh,0,0
tdr14gj,0,0
tdr14gk,0,0
tdr14gm,0,0
tdr14gn,0,0
tdr14gp,0,0
tdr14gq,0,0
tdr14gr,0,0
tdr14gs,0,0
tdr14gt,0,0
tdr14gu,0,0
tdr14gv,0,0
tdr14gw,0,0
tdr14gx,0,0
tdr14gy,0,0
tdr14gz,0,0
tdr14h0,0,0
tdr14h1,0,0
tdr14h2,0,0
tdr14h3,0,0
tdr14h4,0,0
tdr14h5,0,0
tdr14h6,0,0
tdr14h7,0,0
tdr14h8,0,0
tdr14h9,0,0
tdr14hb,0,0
tdr14hc,0,0
tdr14hd,0,0
tdr14he,0,0
tdr14hf,0,0
tdr14hg,0,0
tdr14hh,0,0
tdr14hj,0,0
tdr14hk,0,0
tdr14hm,0,0
tdr14hn,0,0
tdr14hp,0,0
tdr14hq,0,0
tdr14hr,0,0
tdr14hs,0,0
tdr14ht,0,0
tdr14hu,0,0
tdr14hv,0,0
tdr14hw,0,0
tdr14hx,0,0
tdr14hy,0,0
tdr14hz,0,0
tdr14j0,0,0
tdr14j1,0,0
tdr14j2,0,0
tdr14j3,0,0
tdr14j4,0,0
tdr14j5,0,0
tdr14j6,0,0
tdr14j7,0,0
tdr14j8,0,0
tdr14j9,0,0
tdr14jb,0,0
tdr14jc,0,0
tdr14jd,0,0
tdr14je,0,0
tdr14jf,0,0
tdr14jg,0,0
tdr14jh,0,0
tdr14jj,0,0
tdr14jk,0,0
tdr14jm,0,0
tdr14jn,0,0
tdr14jp,0,0
tdr14jq,0,0
tdr14jr,0,0
tdr14js,0,0
tdr14jt,0,0
tdr14ju,0,0
tdr14jv,0,0
tdr14jw,0,0
tdr14jx,0,0
tdr14jy,0,0
tdr14jz,0,0
tdr14k0,0,0
tdr14k1,0,0
tdr14k2,0,0
tdr14k3,0,0
tdr14k4,0,0
tdr14k5,0,0
tdr14k6,0,0
tdr14k7,0,0
tdr14k8,0,0
tdr14k9,0,0
tdr14kb,0,0
tdr14kc,0,0
tdr14kd,0,0
tdr14ke,0,0
tdr14kf,0,0
tdr14kg,0,0
tdr14kh,0,0
tdr14kj,0,0
tdr14kk,0,0
tdr14km,0,0
tdr14kn,0,0
tdr14kp,0,0
tdr14kq,0,0
tdr14kr,0,0
tdr14ks,0,0
tdr14kt,0,0
tdr14ku,0,0
tdr14kv,0,0
tdr14kw,0,0
tdr14kx,0,0
tdr14ky,0,0
tdr14kz,0,0
tdr14m0,0,0
tdr14m1,0,0
tdr14m2,0,0
tdr14m3,0,0
tdr14m4,0,0
tdr14m5,0,0
tdr14m6,0,0
tdr14m7,0,0
tdr14m8,0,0
tdr14m9,0,0
tdr14mb,0,0
tdr14mc,0,0
tdr14md,0,0
tdr14me,0,0
tdr14mf,0,0
tdr14mg,0,0
tdr14mh,0,0
tdr14mj,0,0
tdr14mk,0,0
tdr14mm,0,0
tdr14mn,0,0
tdr14mp,0,0
tdr14mq,0,0
tdr14mr,0,0
tdr14ms,0,0
tdr14mt,0,0
tdr14mu,0,0
tdr14mv,0,0
tdr14mw,0,0
tdr14mx,0,0
tdr14my,0,0
tdr14mz,0,0
tdr14n0,0,0
tdr14n1,0,0
tdr14n2,0,0
tdr14n3,0,0
tdr14n4,0,0
tdr14n5,0,0
tdr14n6,0,0
tdr14n7,0,0
tdr14n8,0,0
tdr14n9,0,0
tdr14nb,0,0
tdr14nc,0,0
tdr14nd,0,0
tdr14ne,0,0
tdr14nf,0,0
tdr14ng,0,0
tdr14nh,0,0
tdr14nj,0,0
tdr14nk,0,0
tdr14nm,0,0
tdr14nn,0,0
tdr14np,0,0
tdr14nq,0,0
tdr14nr,0,0
tdr14ns,0,0
tdr14nt,0,0
tdr14nu,0,0
tdr14nv,0,0
tdr14nw,0,0
tdr14nx,0,0
tdr14ny,0,0
tdr14nz,0,0
tdr14p0,0,0
tdr14p1,0,0
tdr14p2,0,0
tdr14p3,0,0
tdr14p4,0,0
tdr14p5,0,0
tdr14p6,0,0
tdr14p7,0,0
tdr14p8,0,0
tdr14p9,0,0
tdr14pb,0,0
tdr14pc,0,0
tdr14pd,0,0
tdr14pe,0,0
tdr14pf,0,0
tdr14pg,0,0
tdr14ph,0,0
tdr14pj,0,0
tdr14pk,0,0
tdr14pm,0,0
tdr14pn,0,0
tdr14pp,0,0
tdr14pq,0,0
tdr14pr,0,0
tdr14ps,0,0
tdr14pt,0,0
tdr14pu,0,0
tdr14pv,0,0
tdr14pw,0,0
tdr14px,0,0
tdr14py,0,0
tdr14pz,0,0
tdr14q0,0,0
tdr14q1,0,0
tdr14q2,0,0
tdr14q3,0,0
tdr14q4,0,0
tdr14q5,0,0
tdr14q6,0,0
tdr14q7,0,0
tdr14q8,0,0
tdr14q9,0,0
tdr14qb,0,0
tdr14qc,0,0
tdr14qd,0,0
tdr14qe,0,0
tdr14qf,0,0
tdr14qg,0,0
tdr14qh,0,0
tdr14qj,0,0
tdr14qk,0,0
tdr14qm,0,0
tdr14qn,0,0
tdr14qp,0,0
tdr14qq,0,0
tdr14qr,0,0
tdr14qs,0,0
tdr14qt,0,0
tdr14qu,0,0
tdr14qv,0,0
tdr14qw,0,0
tdr14qx,0,0
tdr14qy,0,0
tdr14qz,0,0
tdr14r0,0,0
tdr14r1,0,0
tdr14r2,0,0
tdr14r3,0,0
tdr14r4,0,0
tdr14r5,0,0
tdr14r6,0,0
tdr14r7,0,0
tdr14r8,0,0
tdr14r9,0,0
tdr14rb,0,0
tdr14rc,0,0
tdr14rd,0,0
tdr14re,0,0
tdr14rf,0,0
tdr14rg,0,0
tdr14rh,0,0
tdr14rj,0,0
tdr14rk,0,0
tdr14rm,0,0
tdr14rn,0,0
tdr14rp,0,0
tdr14rq,0,0
tdr14rr,0,0
tdr14rs,0,0
tdr14rt,0,0
tdr14ru,0,0
tdr14rv,0,0
tdr14rw,0,0
tdr14rx,0,0
tdr14ry,0,0
tdr14rz,0,0
tdr14s0,0,0
tdr14s1,0,0
tdr14s2,0,0
tdr14s3,0,0
tdr14s4,0,0
tdr14s5,0,0
tdr14s6,0,0
tdr14s7,0,0
tdr14s8,0,0
tdr14s9,0,0
tdr14sb,0,0
tdr14sc,0,0
tdr14sd,0,0
tdr14se,0,0
tdr14sf,0,0
tdr14sg,0,0
tdr14sh,0,0
tdr14sj,0,0
tdr14sk,0,0
tdr14sm,0,0
tdr14sn,0,0
tdr14sp,0,0
tdr14sq,0,0
tdr14sr,0,0
tdr14ss,0,0
tdr14st,0,0
tdr14su,0,0
tdr14sv,0,0
tdr14sw,0,0
tdr14sx,0,0
tdr14sy,0,0
tdr14sz,0,0
tdr14t0,0,0
tdr14t1,0,0
tdr14t2,0,0
tdr14t3,0,0
tdr14t4,0,0
tdr14t5,0,0
tdr14t6,0,0
tdr14t7,0,0
tdr14t8,0,0
tdr14t9,0,0
tdr14tb,0,0
tdr14tc,0,0
tdr14td,0,0
tdr14te,0,0
tdr14tf,0,0
tdr14tg,0,0
tdr14th,0,0
tdr14tj,0,0
tdr14tk,0,0
tdr14tm,0,0
tdr14tn,0,0
tdr14tp,0,0
tdr14tq,0,0
tdr14tr,0,0
tdr14ts,0,0
tdr14tt,0,0
tdr14tu,0,0
tdr14tv,0,0
tdr14tw,0,0
tdr14tx,0,0
tdr14ty,0,0
tdr14tz,0,0
tdr14u0,0,0
tdr14u1,0,0
tdr14u2,0,0
tdr14u3,0,0
tdr14u4,0,0
tdr14u5,0,0
tdr14u6,0,0
tdr14u7,0,0
tdr14u8,0,0
tdr14u9,0,0
tdr14ub,0,0
tdr14uc,0,0
tdr14ud,0,0
tdr14ue,0,0
tdr14uf,0,0
tdr14ug,0,0
tdr14uh,0,0
tdr14uj,0,0
tdr14uk,0,0
tdr14um,0,0
tdr14un,0,0
tdr14up,0,0
tdr14uq,0,0
tdr14ur,0,0
tdr14us,0,0
tdr14ut,0,0
tdr14uu,0,0
tdr14uv,0,0
tdr14uw,0,0
tdr14ux,0,0
tdr14uy,0,0
tdr14uz,0,0
tdr14v0,0,0
tdr14v1,0,0
tdr14v2,0,0
tdr14v3,0,0
tdr14v4,0,0
tdr14v5,0,0
tdr14v6,0,0
tdr14v7,0,0
tdr14v8,0,0
tdr14v9,0,0
tdr14vb,0,0
tdr14vc,0,0
tdr14vd,0,0
tdr14ve,0,0
tdr14vf,0,0
tdr14vg,0,0
tdr14vh,0,0
tdr14vj,0,0
tdr14vk,0,0
tdr14vm,0,0
tdr14vn,0,0
tdr14vp,0,0
tdr14vq,0,0
tdr14vr,0,0
tdr14vs,0,0
tdr14vt,0,0
tdr14vu,0,0
tdr14vv,0,0
tdr14vw,0,0
tdr14vx,0,0
tdr14vy,0,0
tdr14vz,0,0
tdr14w0,0,0
tdr14w1,0,0
tdr14w2,0,0
tdr14w3,0,0
tdr14w4,0,0
tdr14w5,0,0
tdr14w6,0,0
tdr14w7,0,0
tdr14w8,0,0
tdr14w9,0,0
tdr14wb,0,0
tdr14wc,0,0
tdr14wd,0,0
tdr14we,0,0
tdr14wf,0,0
tdr14wg,0,0
tdr14wh,0,0
tdr14wj,0,0
tdr14wk,0,0
tdr14wm,0,0
tdr14wn,0,0
tdr14wp,0,0
tdr14wq,0,0
tdr14wr,0,0
tdr14ws,0,0
tdr14wt,0,0
tdr14wu,0,0
tdr14wv,0,0
tdr14ww,0,0
tdr14wx,0,0
tdr14wy,0,0
tdr14wz,0,0
tdr14x0,0,0
tdr14x1,0,0
tdr14x2,0,0
tdr14x3,0,0
tdr14x4,0,0
tdr14x5,0,0
tdr14x6,0,0
tdr14x7,0,0
tdr14x8,0,0
tdr14x9,0,0
tdr14xb,0,0
tdr14xc,0,0
tdr14xd,0,0
tdr14xe,0,0
tdr14xf,0,0
tdr14xg,0,0
tdr14xh,0,0
tdr14xj,0,0
tdr14xk,0,0
tdr14xm,0,0
tdr14xn,0,0
tdr14xp,0,0
tdr14xq,0,0
tdr14xr,0,0
tdr14xs,0,0
tdr14xt,0,0
tdr14xu,0,0
tdr14xv,0,0
tdr14xw,0,0
tdr14xx,0,0
tdr14xy,0,0
tdr14xz,0,0
tdr14y0,0,0
tdr14y1,0,0
tdr14y2,0,0
tdr14y3,0,0
tdr14y4,0,0
tdr14y5,0,0
tdr14y6,0,0
tdr14y7,0,0
tdr14y8,0,0
tdr14y9,0,0
tdr14yb,0,0
tdr14yc,0,0
tdr14yd,0,0
tdr14ye,0,0
tdr14yf,0,0
tdr14yg,0,0
tdr14yh,0,0
tdr14yj,0,0
tdr14yk,0,0
tdr14ym,0,0
tdr14yn,0,0
tdr14yp,0,0
tdr14yq,0,0
tdr14yr,0,0
tdr14ys,0,0
tdr14yt,0,0
tdr14yu,0,0
tdr14yv,0,0
tdr14yw,0,0
tdr14yx,0,0
tdr14yy,0,0
tdr14yz,0,0
tdr14z0,0,0
tdr14z1,0,0
tdr14z2,0,0
tdr14z3,0,0
tdr14z4,0,0
tdr14z5,0,0
tdr14z6,0,0
tdr14z7,0,0
tdr14z8,0,0
tdr14z9,0,0
tdr14zb,0,0
tdr14zc,0,0
tdr14zd,0,0
tdr14ze,0,0
tdr14zf,0,0
tdr14zg,0,0
tdr14zh,0,0
tdr14zj,0,0
tdr14zk,0,0
tdr14zm,0,0
tdr14zn,0,0
tdr14zp,0,0
tdr14zq,0,0
tdr14zr,0,0
tdr14zs,0,0
tdr14zt,0,0
tdr14zu,0,0
tdr14zv,0,0
tdr14zw,0,0
tdr14zx,0,0
tdr14zy,0,0
tdr14zz,0,0
tdr1502,0,0
tdr1503,0,0
tdr1506,0,0
tdr1507,0,0
tdr1508,0,0
tdr1509,0,0
tdr150b,0,0
tdr150c,0,0
tdr150d,0,0
tdr150e,0,0
tdr150f,0,0
tdr150g,0,0
tdr150k,0,0
tdr150m,0,0
tdr150q,0,0
tdr150r,0,0
tdr150s,0,0
tdr150t,0,0
tdr150u,0,0
tdr150v,0,0
tdr150w,0,0
tdr150x,0,0
tdr150y,0,0
tdr150z,0,0
tdr1510,0,0
tdr1511,0,0
tdr1512,0,0
tdr1513,0,0
tdr1514,0,0
tdr1515,0,0
tdr1516,0,0
tdr1517,0,0
tdr1518,0,0
tdr1519,0,0
tdr151b,0,0
tdr151c,0,0
tdr151d,0,0
tdr151e,0,0
tdr151f,0,0
tdr151g,0,0
tdr151h,0,0
tdr151j,0,0
tdr151k,0,0
tdr151m,0,0
tdr151n,0,0
tdr151p,0,0
tdr151q,0,0
tdr151r,0,0
tdr151s,0,0
tdr151t,0,0
tdr151u,0,0
tdr151v,0,0
tdr151w,0,0
tdr151x,0,0
tdr151y,0,0
tdr151z,0,0
tdr1522,0,0
tdr1523,0,0
tdr1526,0,0
tdr1527,0,0
tdr1528,0,0
tdr1529,0,0
tdr152b,0,0
tdr152c,0,0
tdr152d,0,0
tdr152e,0,0
tdr152f,0,0
tdr152g,0,0
tdr152k,0,0
tdr152m,0,0
tdr152q,0,0
tdr152r,0,0
tdr152s,0,0
tdr152t,0,0
tdr152u,0,0
tdr152v,0,0
tdr152w,0,0
tdr152x,0,0
tdr152y,0,0
tdr152z,0,0
tdr1530,0,0
tdr1531,0,0
tdr1532,0,0
tdr1533,0,0
tdr1534,0,0
tdr1535,0,0
tdr1536,0,0
tdr1537,0,0
tdr1538,0,0
tdr1539,0,0
tdr153b,0,0
tdr153c,0,0
tdr153d,0,0
tdr153e,0,0
tdr153f,0,0
tdr153g,0,0
tdr153h,0,0
tdr153j,0,0
tdr153k,0,0
tdr153m,0,0
tdr153n,0,0
tdr153p,0,0
tdr153q,0,0
tdr153r,0,0
tdr153s,0,0
tdr153t,0,0
tdr153u,0,0
tdr153v,0,0
tdr153w,0,0
tdr153x,0,0
tdr153y,0,0
tdr153z,0,0
tdr1540,0,0
tdr1541,0,0
tdr1542,0,0
tdr1543,0,0
tdr1544,0,0
tdr1545,0,0
tdr1546,0,0
tdr1547,0,0
tdr1548,0,0
tdr1549,0,0
tdr154b,0,0
tdr154c,0,0
tdr154d,0,0
tdr154e,0,0
tdr154f,0,0
tdr154g,0,0
tdr154h,0,0
tdr154j,0,0
tdr154k,0,0
tdr154m,0,0
tdr154n,0,0
tdr154p,0,0
tdr154q,0,0
tdr154r,0,0
tdr154s,0,0
tdr154t,0,0
tdr154u,0,0
tdr154v,0,0
tdr154w,0,0
tdr154x,0,0
tdr154y,0,0
tdr154z,0,0
tdr1550,0,0
tdr1551,0,0
tdr1552,0,0
tdr1553,0,0
tdr1554,0,0
tdr1555,0,0
tdr1556,0,0
tdr1557,0,0
tdr1558,0,0
tdr1559,0,0
tdr155b,0,0
tdr155c,0,0
tdr155d,0,0
tdr155e,0,0
tdr155f,0,0
tdr155g,0,0
tdr155h,0,0
tdr155j,0,0
tdr155k,0,0
tdr155m,0,0
tdr155n,0,0
tdr155p,0,0
tdr155q,0,0
tdr155r,0,0
tdr155s,0,0
tdr155t,0,0
tdr155u,0,0
tdr155v,0,0
tdr155w,0,0
tdr155x,0,0
tdr155y,0,0
tdr155z,0,0
tdr1560,0,0
tdr1561,0,0
tdr1562,0,0
tdr1563,0,0
tdr1564,0,0
tdr1565,0,0
tdr1566,0,0
tdr1567,0,0
tdr1568,0,0
tdr1569,0,0
tdr156b,0,0
tdr156c,0,0
tdr156d,0,0
tdr156e,0,0
tdr156f,0,0
tdr156g,0,0
tdr156h,0,0
tdr156j,0,0
tdr156k,0,0
tdr156m,0,0
tdr156n,0,0
tdr156p,0,0
tdr156q,0,0
tdr156r,0,0
tdr156s,0,0
tdr156t,0,0
tdr156u,0,0
tdr156v,0,0
tdr156w,0,0
tdr156x,0,0
tdr156y,0,0
tdr156z,0,0
tdr1570,0,0
tdr1571,0,0
tdr1572,0,0
tdr1573,0,0
tdr1574,0,0
tdr1575,0,0
tdr1576,0,0
tdr1577,0,0
tdr1578,0,0
tdr1579,0,0
tdr157b,0,0
tdr157c,0,0
tdr157d,0,0
tdr157e,0,0
tdr157f,0,0
tdr157g,0,0
tdr157h,0,0
tdr157j,0,0
tdr157k,0,0
tdr157m,0,0
tdr157n,0,0
tdr157p,0,0
tdr157q,0,0
tdr157r,0,0
tdr157s,0,0
tdr157t,0,0
tdr157u,0,0
tdr157v,0,0
tdr157w,0,0
tdr157x,0,0
tdr157y,0,0
tdr157z,0,0
tdr1582,0,0
tdr1583,0,0
tdr1586,0,0
tdr1587,0,0
tdr1588,0,0
tdr1589,0,0
tdr158b,0,0
tdr158c,0,0
tdr158d,0,0
tdr158e,0,0
tdr158f,0,0
tdr158g,0,0
tdr158k,0,0
tdr158m,0,0
tdr158q,0,0
tdr158r,0,0
tdr158s,0,0
tdr158t,0,0
tdr158u,0,0
tdr158v,0,0
tdr158w,0,0
tdr158x,0,0
tdr158y,0,0
tdr158z,0,0
tdr1590,0,0
tdr1591,0,0
tdr1592,0,0
tdr1593,0,0
tdr1594,0,0
tdr1595,0,0
tdr1596,0,0
tdr1597,0,0
tdr1598,0,0
tdr1599,0,0
tdr159b,0,0
tdr159c,0,0
tdr159d,0,0
tdr159e,0,0
tdr159f,0,0
tdr159g,0,0
tdr159h,0,0
tdr159j,0,0
tdr159k,0,0
tdr159m,0,0
tdr159n,0,0
tdr159p,0,0
tdr159q,0,0
tdr159r,0,0
tdr159s,0,0
tdr159t,0,0
tdr159u,0,0
tdr159v,0,0
tdr159w,0,0
tdr159x,0,0
tdr159y,0,0
tdr159z,0,0
tdr15b2,0,0
tdr15b3,0,0
tdr15b6,0,0
tdr15b7,0,0
tdr15b8,0,0
tdr15b9,0,0
tdr15bb,0,0
tdr15bc,0,0
tdr15bd,0,0
tdr15be,0,0
tdr15bf,0,0
tdr15bg,0,0
tdr15bk,0,0
tdr15bm,0,0
tdr15bq,0,0
tdr15br,0,0
tdr15bs,0,0
tdr15bt,0,0
tdr15bu,0,0
tdr15bv,0,0
tdr15bw,0,0
tdr15bx,0,0
tdr15by,0,0
tdr15bz,0,0
tdr15c0,0,0
tdr15c1,0,0
tdr15c2,0,0
tdr15c3,0,0
tdr15c4,0,0
tdr15c5,0,0
tdr15c6,0,0
tdr15c7,0,0
tdr15c8,0,0
tdr15c9,0,0
tdr15cb,0,0
tdr15cc,0,0
tdr15cd,0,0
tdr15ce,0,0
tdr15cf,0,0
tdr15cg,0,0
tdr15ch,0,0
tdr15cj,0,0
tdr15ck,0,0
tdr15cm,0,0
tdr15cn,0,0
tdr15cp,0,0
tdr15cq,0,0
tdr15cr,0,0
tdr15cs,0,0
tdr15ct,0,0
tdr15cu,0,0
tdr15cv,0,0
tdr15cw,0,0
tdr15cx,0,0
tdr15cy,0,0
tdr15cz,0,0
tdr15d0,0,0
tdr15d1,0,0
tdr15d2,0,0
tdr15d3,0,0
tdr15d4,0,0
tdr15d5,0,0
tdr15d6,0,0
tdr15d7,0,0
tdr15d8,0,0
tdr15d9,0,0
tdr15db,0,0
tdr15dc,0,0
tdr15dd,0,0
tdr15de,0,0
tdr15df,0,0
tdr15dg,0,0
tdr15dh,0,0
tdr15dj,0,0
tdr15dk,0,0
tdr15dm,0,0
tdr15dn,0,0
tdr15dp,0,0
tdr15dq,0,0
tdr15dr,0,0
tdr15ds,0,0
tdr15dt,0,0
tdr15du,0,0
tdr15dv,0,0
tdr15dw,0,0
tdr15dx,0,0
tdr15dy,0,0
tdr15dz,0,0
tdr15e0,0,0
tdr15e1,0,0
tdr15e2,0,0
tdr15e3,0,0
tdr15e4,0,0
tdr15e5,0,0
tdr15e6,0,0
tdr15e7,0,0
tdr15e8,0,0
tdr15e9,0,0
tdr15eb,0,0
tdr15ec,0,0
tdr15ed,0,0
tdr15ee,0,0
tdr15ef,0,0
tdr15eg,0,0
tdr15eh,0,0
tdr15ej,0,0
tdr15ek,0,0
tdr15em,0,0
tdr15en,0,0
tdr15ep,0,0
tdr15eq,0,0
tdr15er,0,0
tdr15es,0,0
tdr15et,0,0
tdr15eu,0,0
tdr15ev,0,0
tdr15ew,0,0
tdr15ex,0,0
tdr15ey,0,0
tdr15ez,0,0
tdr15f0,0,0
tdr15f1,0,0
tdr15f2,0,0
tdr15f3,0,0
tdr15f4,0,0
tdr15f5,0,0
tdr15f6,0,0
tdr15f7,0,0
tdr15f8,0,0
tdr15f9,0,0
tdr15fb,0,0
tdr15fc,0,0
tdr15fd,0,0
tdr15fe,0,0
tdr15ff,0,0
tdr15fg,0,0
tdr15fh,0,0
tdr15fj,0,0
tdr15fk,0,0
tdr15fm,0,0
tdr15fn,0,0
tdr15fp,0,0
tdr15fq,0,0
tdr15fr,0,0
tdr15fs,0,0
tdr15ft,0,0
tdr15fu,0,0
tdr15fv,0,0
tdr15fw,0,0
tdr15fx,0,0
tdr15fy,0,0
tdr15fz,0,0
tdr15g0,0,0
tdr15g1,0,0
tdr15g2,0,0
tdr15g3,0,0
tdr15g4,0,0
tdr15g5,0,0
tdr15g6,0,0
tdr15g7,0,0
tdr15g8,0,0
tdr15g9,0,0
tdr15gb,0,0
tdr15gc,0,0
tdr15gd,0,0
tdr15ge,0,0
tdr15gf,0,0
tdr15gg,0,0
tdr15gh,0,0
tdr15gj,0,0
tdr15gk,0,0
tdr15gm,0,0
tdr15gn,0,0
tdr15gp,0,0
tdr15gq,0,0
tdr15gr,0,0
tdr15gs,0,0
tdr15gt,0,0
tdr15gu,0,0
tdr15gv,0,0
tdr15gw,0,0
tdr15gx,0,0
tdr15gy,0,0
tdr15gz,0,0
tdr15h0,0,0
tdr15h1,0,0
tdr15h2,0,0
tdr15h3,0,0
tdr15h4,0,0
tdr15h5,0,0
tdr15h6,0,0
tdr15h7,0,0
tdr15h8,0,0
tdr15h9,0,0
tdr15hb,0,0
tdr15hc,0,0
tdr15hd,0,0
tdr15he,0,0
tdr15hf,0,0
tdr15hg,0,0
tdr15hh,0,0
tdr15hj,0,0
tdr15hk,0,0
tdr15hm,0,0
tdr15hn,0,0
tdr15hp,0,0
tdr15hq,0,0
tdr15hr,0,0
tdr15hs,0,0
tdr15ht,0,0
tdr15hu,0,0
tdr15hv,0,0
tdr15hw,0,0
tdr15hx,0,0
tdr15hy,0,0
tdr15hz,0,0
tdr15j0,0,0
tdr15j1,0,0
tdr15j2,0,0
tdr15j3,0,0
tdr15j4,0,0
tdr15j5,0,0
tdr15j6,0,0
tdr15j7,0,0
tdr15j8,0,0
tdr15j9,0,0
tdr15jb,0,0
tdr15jc,0,0
tdr15jd,0,0
tdr15je,0,0
tdr15jf,0,0
tdr15jg,0,0
tdr15jh,0,0
tdr15jj,0,0
tdr15jk,0,0
tdr15jm,0,0
tdr15jn,0,0
tdr15jp,0,0
tdr15jq,0,0
tdr15jr,0,0
tdr15js,0,0
tdr15jt,0,0
tdr15ju,0,0
tdr15jv,0,0
tdr15jw,0,0
tdr15jx,0,0
tdr15jy,0,0
tdr15jz,0,0
tdr15k0,0,0
tdr15k1,0,0
tdr15k2,0,0
tdr15k3,0,0
tdr15k4,0,0
tdr15k5,0,0
tdr15k6,0,0
tdr15k7,0,0
tdr15k8,0,0
tdr15k9,0,0
tdr15kb,0,0
tdr15kc,0,0
tdr15kd,0,0
tdr15ke,0,0
tdr15kf,0,0
tdr15kg,0,0
tdr15kh,0,0
tdr15kj,0,0
tdr15kk,0,0
tdr15km,0,0
tdr15kn,0,0
tdr15kp,0,0
tdr15kq,0,0
tdr15kr,0,0
tdr15ks,0,0
tdr15kt,0,0
tdr15ku,0,0
tdr15kv,0,0
tdr15kw,0,0
tdr15kx,0,0
tdr15ky,0,0
tdr15kz,0,0
tdr15m0,0,0
tdr15m1,0,0
tdr15m2,0,0
tdr15m3,0,0
tdr15m4,0,0
tdr15m5,0,0
tdr15m6,0,0
tdr15m7,0,0
tdr15m8,0,0
tdr15m9,0,0
tdr15mb,0,0
tdr15mc,0,0
tdr15md,0,0
tdr15me,0,0
tdr15mf,0,0
tdr15mg,0,0
tdr15mh,0,0
tdr15mj,0,0
tdr15mk,0,0
tdr15mm,0,0
tdr15mn,0,0
tdr15mp,0,0
tdr15mq,0,0
tdr15mr,0,0
tdr15ms,0,0
tdr15mt,0,0
tdr15mu,0,0
tdr15mv,0,0
tdr15mw,0,0
tdr15mx,0,0
tdr15my,0,0
tdr15mz,0,0
tdr15n0,0,0
tdr15n1,0,0
tdr15n2,0,0
tdr15n3,0,0
tdr15n4,0,0
tdr15n5,0,0
tdr15n6,0,0
tdr15n7,0,0
tdr15n8,0,0
tdr15n9,0,0
tdr15nb,0,0
tdr15nc,0,0
tdr15nd,0,0
tdr15ne,0,0
tdr15nf,0,0
tdr15ng,0,0
tdr15nh,0,0
tdr15nj,0,0
tdr15nk,0,0
tdr15nm,0,0
tdr15nn,0,0
tdr15np,0,0
tdr15nq,0,0
tdr15nr,0,0
tdr15ns,0,0
tdr15nt,0,0
tdr15nu,0,0
tdr15nv,0,0
tdr15nw,0,0
tdr15nx,0,0
tdr15ny,0,0
tdr15nz,0,0
tdr15p0,0,0
tdr15p1,0,0
tdr15p2,0,0
tdr15p3,0,0
tdr15p4,0,0
tdr15p5,0,0
tdr15p6,0,0
tdr15p7,0,0
tdr15p8,0,0
tdr15p9,0,0
tdr15pb,0,0
tdr15pc,0,0
tdr15pd,0,0
tdr15pe,0,0
tdr15pf,0,0
tdr15pg,0,0
tdr15ph,0,0
tdr15pj,0,0
tdr15pk,0,0
tdr15pm,0,0
tdr15pn,0,0
tdr15pp,0,0
tdr15pq,0,0
tdr15pr,0,0
tdr15ps,0,0
tdr15pt,0,0
tdr15pu,0,0
tdr15pv,0,0
tdr15pw,0,0
tdr15px,0,0
tdr15py,0,0
tdr15pz,0,0
tdr15q0,0,0
tdr15q1,0,0
tdr15q2,0,0
tdr15q3,0,0
tdr15q4,0,0
tdr15q5,0,0
tdr15q6,0,0
tdr15q7,0,0
tdr15q8,0,0
tdr15q9,0,0
tdr15qb,0,0
tdr15qc,0,0
tdr15qd,0,0
tdr15qe,0,0
tdr15qf,0,0
tdr15qg,0,0
tdr15qh,0,0
tdr15qj,0,0
tdr15qk,0,0
tdr15qm,0,0
tdr15qn,0,0
tdr15qp,0,0
tdr15qq,0,0
tdr15qr,0,0
tdr15qs,0,0
tdr15qt,0,0
tdr15qu,0,0
tdr15qv,0,0
tdr15qw,0,0
tdr15qx,0,0
tdr15qy,0,0
tdr15qz,0,0
tdr15r0,0,0
tdr15r1,0,0
tdr15r2,0,0
tdr15r3,0,0
tdr15r4,0,0
tdr15r5,0,0
tdr15r6,0,0
tdr15r7,0,0
tdr15r8,0,0
tdr15r9,0,0
tdr15rb,0,0
tdr15rc,0,0
tdr15rd,0,0
tdr15re,0,0
tdr15rf,0,0
tdr15rg,0,0
tdr15rh,0,0
tdr15rj,0,0
tdr15rk,0,0
tdr15rm,0,0
tdr15rn,0,0
tdr15rp,0,0
tdr15rq,0,0
tdr15rr,0,0
tdr15rs,0,0
tdr15rt,0,0
tdr15ru,0,0
tdr15rv,0,0
tdr15rw,0,0
tdr15rx,0,0
tdr15ry,0,0
tdr15rz,0,0
tdr15s0,0,0
tdr15s1,0,0
tdr15s2,0,0
tdr15s3,0,0
tdr15s4,0,0
tdr15s5,0,0
tdr15s6,0,0
tdr15s7,0,0
tdr15s8,0,0
tdr15s9,0,0
tdr15sb,0,0
tdr15sc,0,0
tdr15sd,0,0
tdr15se,0,0
tdr15sf,0,0
tdr15sg,0,0
tdr15sh,0,0
tdr15sj,0,0
tdr15sk,0,0
tdr15sm,0,0
tdr15sn,0,0
tdr15sp,0,0
tdr15sq,0,0
tdr15sr,0,0
tdr15ss,0,0
tdr15st,0,0
tdr15su,0,0
tdr15sv,0,0
tdr15sw,0,0
tdr15sx,0,0
tdr15sy,0,0
tdr15sz,0,0
tdr15t0,0,0
tdr15t1,0,0
tdr15t2,0,0
tdr15t3,0,0
tdr15t4,0,0
tdr15t5,0,0
tdr15t6,0,0
tdr15t7,0,0
tdr15t8,0,0
tdr15t9,0,0
tdr15tb,0,0
tdr15tc,0,0
tdr15td,0,0
tdr15te,0,0
tdr15tf,0,0
tdr15tg,0,0
tdr15th,0,0
tdr15tj,0,0
tdr15tk,0,0
tdr15tm,0,0
tdr15tn,0,0
tdr15tp,0,0
tdr15tq,0,0
tdr15tr,0,0
tdr15ts,0,0
tdr15tt,0,0
tdr15tu,0,0
tdr15tv,0,0
tdr15tw,0,0
tdr15tx,0,0
tdr15ty,0,0
tdr15tz,0,0
tdr15u0,0,0
tdr15u1,0,0
tdr15u2,0,0
tdr15u3,0,0
tdr15u4,0,0
tdr15u5,0,0
tdr15u6,0,0
tdr15u7,0,0
tdr15u8,0,0
tdr15u9,0,0
tdr15ub,0,0
tdr15uc,0,0
tdr15ud,0,0
tdr15ue,0,0
tdr15uf,0,0
tdr15ug,0,0
tdr15uh,0,0
tdr15uj,0,0
tdr15uk,0,0
tdr15um,0,0
tdr15un,0,0
tdr15up,0,0
tdr15uq,0,0
tdr15ur,0,0
tdr15us,0,0
tdr15ut,0,0
tdr15uu,0,0
tdr15uv,0,0
tdr15uw,0,0
tdr15ux,0,0
tdr15uy,0,0
tdr15uz,0,0
tdr15v0,0,0
tdr15v1,0,0
tdr15v2,0,0
tdr15v3,0,0
tdr15v4,0,0
tdr15v5,0,0
tdr15v6,0,0
tdr15v7,0,0
tdr15v8,0,0
tdr15v9,0,0
tdr15vb,0,0
tdr15vc,0,0
tdr15vd,0,0
tdr15ve,0,0
tdr15vf,0,0
tdr15vg,0,0
tdr15vh,0,0
tdr15vj,0,0
tdr15vk,0,0
tdr15vm,0,0
tdr15vn,0,0
tdr15vp,2902,140
tdr15vq,0,0
tdr15vr,2902,140
tdr15vs,0,0
tdr15vt,0,0
tdr15vu,0,0
tdr15vv,0,0
tdr15vw,2902,140
tdr15vx,2902,140
tdr15vy,2902,140
tdr15vz,2902,140
tdr15w0,0,0
tdr15w1,0,0
tdr15w2,0,0
tdr15w3,0,0
tdr15w4,0,0
tdr15w5,0,0
tdr15w6,0,0
tdr15w7,0,0
tdr15w8,0,0
tdr15w9,0,0
tdr15wb,0,0
tdr15wc,0,0
tdr15wd,0,0
tdr15we,0,0
tdr15wf,0,0
tdr15wg,0,0
tdr15wh,0,0
tdr15wj,0,0
tdr15wk,0,0
tdr15wm,0,0
tdr15wn,0,0
tdr15wp,0,0
tdr15wq,0,0
tdr15wr,0,0
tdr15ws,0,0
tdr15wt,0,0
tdr15wu,0,0
tdr15wv,0,0
tdr15ww,0,0
tdr15wx,0,0
tdr15wy,0,0
tdr15wz,0,0
tdr15x0,0,0
tdr15x1,0,0
tdr15x2,0,0
tdr15x3,0,0
tdr15x4,0,0
tdr15x5,0,0
tdr15x6,0,0
tdr15x7,0,0
tdr15x8,0,0
tdr15x9,0,0
tdr15xb,0,0
tdr15xc,0,0
tdr15xd,0,0
tdr15xe,0,0
tdr15xf,0,0
tdr15xg,0,0
tdr15xh,0,0
tdr15xj,0,0
tdr15xk,0,0
tdr15xm,0,0
tdr15xn,0,0
tdr15xp,0,0
tdr15xq,0,0
tdr15xr,0,0
tdr15xs,0,0
tdr15xt,0,0
tdr15xu,0,0
tdr15xv,0,0
tdr15xw,0,0
tdr15xx,0,0
tdr15xy,0,0
tdr15xz,0,0
tdr15y0,0,0
tdr15y1,0,0
tdr15y2,0,0
tdr15y3,0,0
tdr15y4,0,0
tdr15y5,0,0
tdr15y6,0,0
tdr15y7,0,0
tdr15y8,0,0
tdr15y9,0,0
tdr15yb,0,0
tdr15yc,0,0
tdr15yd,0,0
tdr15ye,0,0
tdr15yf,0,0
tdr15yg,0,0
tdr15yh,0,0
tdr15yj,0,0
tdr15yk,0,0
tdr15ym,2902,140
tdr15yn,2902,140
tdr15yp,2902,140
tdr15yq,2902,140
tdr15yr,2902,140
tdr15ys,0,0
tdr15yt,2902,140
tdr15yu,0,0
tdr15yv,2902,140
tdr15yw,2902,140
tdr15yx,2902,140
tdr15yy,2902,140
tdr15yz,2902,140
tdr15z0,0,0
tdr15z1,0,0
tdr15z2,0,0
tdr15z3,0,0
tdr15z4,0,0
tdr15z5,0,0
tdr15z6,0,0
tdr15z7,0,0
tdr15z8,0,0
tdr15z9,0,0
tdr15zb,0,0
tdr15zc,0,0
tdr15zd,0,0
tdr15ze,0,0
tdr15zf,0,0
tdr15zg,0,0
tdr15zh,0,0
tdr15zj,2902,140
tdr15zk,0,0
tdr15zm,2902,140
tdr15zn,2902,140
tdr15zp,2902,140
tdr15zq,2902,140
tdr15zr,2902,140
tdr15zs,0,0
tdr15zt,2902,140
tdr15zu,0,0
tdr15zv,2902,140
tdr15zw,2902,140
tdr15zx,2902,140
tdr15zy,2902,140
tdr15zz,4134,155
tdr1600,0,0
tdr1601,0,0
tdr1602,0,0
tdr1603,0,0
tdr1604,0,0
tdr1605,0,0
tdr1606,0,0
tdr1607,0,0
tdr1608,0,0
tdr1609,0,0
tdr160b,0,0
tdr160c,0,0
tdr160d,0,0
tdr160e,0,0
tdr160f,0,0
tdr160g,0,0
tdr160h,0,0
tdr160j,0,0
tdr160k,0,0
tdr160m,0,0
tdr160n,0,0
tdr160p,0,0
tdr160q,0,0
tdr160r,0,0
tdr160s,0,0
tdr160t,0,0
tdr160u,0,0
tdr160v,0,0
tdr160w,0,0
tdr160x,0,0
tdr160y,0,0
tdr160z,0,0
tdr1610,0,0
tdr1611,0,0
tdr1612,0,0
tdr1613,0,0
tdr1614,0,0
tdr1615,0,0
tdr1616,0,0
tdr1617,0,0
tdr1618,0,0
tdr1619,0,0
tdr161b,0,0
tdr161c,0,0
tdr161d,0,0
tdr161e,0,0
tdr161f,0,0
tdr161g,0,0
tdr161h,0,0
tdr161j,0,0
tdr161k,0,0
tdr161m,0,0
tdr161n,0,0
tdr161p,0,0
tdr161q,0,0
tdr161r,0,0
tdr161s,0,0
tdr161t,0,0
tdr161u,0,0
tdr161v,0,0
tdr161w,0,0
tdr161x,0,0
tdr161y,0,0
tdr161z,0,0
tdr1620,0,0
tdr1621,0,0
tdr1622,0,0
tdr1623,0,0
tdr1624,0,0
tdr1625,0,0
tdr1626,0,0
tdr1627,0,0
tdr1628,0,0
tdr1629,0,0
tdr162b,0,0
tdr162c,0,0
tdr162d,0,0
tdr162e,0,0
tdr162f,0,0
tdr162g,0,0
tdr162h,0,0
tdr162j,0,0
tdr162k,0,0
tdr162m,0,0
tdr162n,0,0
tdr162p,0,0
tdr162q,0,0
tdr162r,0,0
tdr162s,0,0
tdr162t,0,0
tdr162u,0,0
tdr162v,0,0
tdr162w,0,0
tdr162x,0,0
tdr162y,0,0
tdr162z,0,0
tdr1630,0,0
tdr1631,0,0
tdr1632,0,0
tdr1633,0,0
tdr1634,0,0
tdr1635,0,0
tdr1636,0,0
tdr1637,0,0
tdr1638,0,0
tdr1639,0,0
tdr163b,0,0
tdr163c,0,0
tdr163d,0,0
tdr163e,0,0
tdr163f,0,0
tdr163g,0,0
tdr163h,0,0
tdr163j,0,0
tdr163k,0,0
tdr163m,0,0
tdr163n,0,0
tdr163p,0,0
tdr163q,0,0
tdr163r,0,0
tdr163s,0,0
tdr163t,0,0
tdr163u,0,0
tdr163v,0,0
tdr163w,0,0
tdr163x,0,0
tdr163y,0,0
tdr163z,0,0
tdr1640,0,0
tdr1641,0,0
tdr1642,0,0
tdr1643,0,0
tdr1644,0,0
tdr1645,0,0
tdr1646,0,0
tdr1647,0,0
tdr1648,0,0
tdr1649,0,0
tdr164b,0,0
tdr164c,0,0
tdr164d,0,0
tdr164e,0,0
tdr164f,0,0
tdr164g,0,0
tdr164h,0,0
tdr164j,0,0
tdr164k,0,0
tdr164m,0,0
tdr164n,0,0
tdr164p,0,0
tdr164q,0,0
tdr164r,0,0
tdr164s,0,0
tdr164t,0,0
tdr164u,0,0
tdr164v,0,0
tdr164w,0,0
tdr164x,0,0
tdr164y,0,0
tdr164z,0,0
tdr1650,0,0
tdr1651,0,0
tdr1652,0,0
tdr1653,0,0
tdr1654,0,0
tdr1655,0,0
tdr1656,0,0
tdr1657,0,0
tdr1658,0,0
tdr1659,0,0
tdr165b,0,0
tdr165c,0,0
tdr165d,0,0
tdr165e,0,0
tdr165f,0,0
tdr165g,0,0
tdr165h,0,0
tdr165j,0,0
tdr165k,0,0
tdr165m,0,0
tdr165n,0,0
tdr165p,0,0
tdr165q,0,0
tdr165r,0,0
tdr165s,0,0
tdr165t,0,0
tdr165u,0,0
tdr165v,0,0
tdr165w,0,0
tdr165x,0,0
tdr165y,0,0
tdr165z,0,0
tdr1660,0,0
tdr1661,0,0
tdr1662,0,0
tdr1663,0,0
tdr1664,0,0
tdr1665,0,0
tdr1666,0,0
tdr1667,0,0
tdr1668,0,0
tdr1669,0,0
tdr166b,0,0
tdr166c,0,0
tdr166d,0,0
tdr166e,0,0
tdr166f,0,0
tdr166g,0,0
tdr166h,0,0
tdr166j,0,0
tdr166k,0,0
tdr166m,0,0
tdr166n,0,0
tdr166p,0,0
tdr166q,0,0
tdr166r,0,0
tdr166s,0,0
tdr166t,0,0
tdr166u,0,0
tdr166v,0,0
tdr166w,0,0
tdr166x,0,0
tdr166y,0,0
tdr166z,0,0
tdr1670,0,0
tdr1671,0,0
tdr1672,0,0
tdr1673,0,0
tdr1674,0,0
tdr1675,0,0
tdr1676,0,0
tdr1677,0,0
tdr1678,0,0
tdr1679,0,0
tdr167b,0,0
tdr167c,0,0
tdr167d,0,0
tdr167e,0,0
tdr167f,0,0
tdr167g,0,0
tdr167h,0,0
tdr167j,0,0
tdr167k,0,0
tdr167m,0,0
tdr167n,0,0
tdr167p,0,0
tdr167q,0,0
tdr167r,0,0
tdr167s,0,0
tdr167t,0,0
tdr167u,0,0
tdr167v,0,0
tdr167w,0,0
tdr167x,0,0
tdr167y,0,0
tdr167z,0,0
tdr1680,0,0
tdr1681,0,0
tdr1682,0,0
tdr1683,0,0
tdr1684,0,0
tdr1685,0,0
tdr1686,0,0
tdr1687,0,0
tdr1688,0,0
tdr1689,0,0
tdr168b,0,0
tdr168c,0,0
tdr168d,0,0
tdr168e,0,0
tdr168f,0,0
tdr168g,0,0
tdr168h,0,0
tdr168j,0,0
tdr168k,0,0
tdr168m,0,0
tdr168n,0,0
tdr168p,0,0
tdr168q,0,0
tdr168r,0,0
tdr168s,0,0
tdr168t,0,0
tdr168u,0,0
tdr168v,0,0
tdr168w,0,0
tdr168x,0,0
tdr168y,0,0
tdr168z,0,0
tdr1690,0,0
tdr1691,0,0
tdr1692,0,0
tdr1693,0,0
tdr1694,0,0
tdr1695,0,0
tdr1696,0,0
tdr1697,0,0
tdr1698,0,0
tdr1699,0,0
tdr169b,0,0
tdr169c,0,0
tdr169d,0,0
tdr169e,0,0
tdr169f,0,0
tdr169g,0,0
tdr169h,0,0
tdr169j,0,0
tdr169k,0,0
tdr169m,0,0
tdr169n,0,0
tdr169p,0,0
tdr169q,0,0
tdr169r,0,0
tdr169s,0,0
tdr169t,0,0
tdr169u,0,0
tdr169v,0,0
tdr169w,0,0
tdr169x,0,0
tdr169y,0,0
tdr169z,0,0
tdr16b0,0,0
tdr16b1,0,0
tdr16b2,0,0
tdr16b3,0,0
tdr16b4,0,0
tdr16b5,0,0
tdr16b6,0,0
tdr16b7,0,0
tdr16b8,0,0
tdr16b9,0,0
tdr16bb,0,0
tdr16bc,0,0
tdr16bd,0,0
tdr16be,0,0
tdr16bf,0,0
tdr16bg,0,0
tdr16bh,0,0
tdr16bj,0,0
tdr16bk,0,0
tdr16bm,0,0
tdr16bn,0,0
tdr16bp,0,0
tdr16bq,0,0
tdr16br,0,0
tdr16bs,0,0
tdr16bt,0,0
tdr16bu,0,0
tdr16bv,0,0
tdr16bw,0,0
tdr16bx,0,0
tdr16by,0,0
tdr16bz,0,0
tdr16c0,0,0
tdr16c1,0,0
tdr16c2,0,0
tdr16c3,0,0
tdr16c4,0,0
tdr16c5,0,0
tdr16c6,0,0
tdr16c7,0,0
tdr16c8,0,0
tdr16c9,0,0
tdr16cb,0,0
tdr16cc,0,0
tdr16cd,0,0
tdr16ce,0,0
tdr16cf,0,0
tdr16cg,0,0
tdr16ch,0,0
tdr16cj,0,0
tdr16ck,0,0
tdr16cm,0,0
tdr16cn,0,0
tdr16cp,0,0
tdr16cq,0,0
tdr16cr,0,0
tdr16cs,0,0
tdr16ct,0,0
tdr16cu,0,0
tdr16cv,0,0
tdr16cw,0,0
tdr16cx,0,0
tdr16cy,0,0
tdr16cz,0,0
tdr16d0,0,0
tdr16d1,0,0
tdr16d2,0,0
tdr16d3,0,0
tdr16d4,0,0
tdr16d5,0,0
tdr16d6,0,0
tdr16d7,0,0
tdr16d8,0,0
tdr16d9,0,0
tdr16db,0,0
tdr16dc,0,0
tdr16dd,0,0
tdr16de,0,0
tdr16df,0,0
tdr16dg,0,0
tdr16dh,0,0
tdr16dj,0,0
tdr16dk,0,0
tdr16dm,0,0
tdr16dn,0,0
tdr16dp,0,0
tdr16dq,0,0
tdr16dr,0,0
tdr16ds,0,0
tdr16dt,0,0
tdr16du,0,0
tdr16dv,0,0
tdr16dw,0,0
tdr16dx,0,0
tdr16dy,0,0
tdr16dz,0,0
tdr16e0,0,0
tdr16e1,0,0
tdr16e2,0,0
tdr16e3,0,0
tdr16e4,0,0
tdr16e5,0,0
tdr16e6,0,0
tdr16e7,0,0
tdr16e8,0,0
tdr16e9,0,0
tdr16eb,0,0
tdr16ec,0,0
tdr16ed,0,0
tdr16ee,0,0
tdr16ef,0,0
tdr16eg,0,0
tdr16eh,0,0
tdr16ej,0,0
tdr16ek,0,0
tdr16em,0,0
tdr16en,0,0
tdr16ep,0,0
tdr16eq,0,0
tdr16er,0,0
tdr16es,0,0
tdr16et,0,0
tdr16eu,0,0
tdr16ev,0,0
tdr16ew,0,0
tdr16ex,0,0
tdr16ey,0,0
tdr16ez,0,0
tdr16f0,0,0
tdr16f1,0,0
tdr16f2,0,0
tdr16f3,0,0
tdr16f4,0,0
tdr16f5,0,0
tdr16f6,0,0
tdr16f7,0,0
tdr16f8,0,0
tdr16f9,0,0
tdr16fb,0,0
tdr16fc,0,0
tdr16fd,0,0
tdr16fe,0,0
tdr16ff,0,0
tdr16fg,0,0
tdr16fh,0,0
tdr16fj,0,0
tdr16fk,0,0
tdr16fm,0,0
tdr16fn,0,0
tdr16fp,0,0
tdr16fq,0,0
tdr16fr,0,0
tdr16fs,0,0
tdr16ft,0,0
tdr16fu,0,0
tdr16fv,0,0
tdr16fw,0,0
tdr16fx,0,0
tdr16fy,0,0
tdr16fz,0,0
tdr16g0,0,0
tdr16g1,0,0
tdr16g2,0,0
tdr16g3,0,0
tdr16g4,0,0
tdr16g5,0,0
tdr16g6,0,0
tdr16g7,0,0
tdr16g8,0,0
tdr16g9,0,0
tdr16gb,0,0
tdr16gc,0,0
tdr16gd,0,0
tdr16ge,0,0
tdr16gf,0,0
tdr16gg,0,0
tdr16gh,0,0
tdr16gj,0,0
tdr16gk,0,0
tdr16gm,0,0
tdr16gn,0,0
tdr16gp,0,0
tdr16gq,0,0
tdr16gr,0,0
tdr16gs,0,0
tdr16gt,0,0
tdr16gu,0,0
tdr16gv,0,0
tdr16gw,0,0
tdr16gx,0,0
tdr16gy,0,0
tdr16gz,0,0
tdr16h0,0,0
tdr16h1,0,0
tdr16h2,0,0
tdr16h3,0,0
tdr16h4,0,0
tdr16h5,0,0
tdr16h6,0,0
tdr16h7,0,0
tdr16h8,0,0
tdr16h9,0,0
tdr16hb,0,0
tdr16hc,0,0
tdr16hd,0,0
tdr16he,0,0
tdr16hf,0,0
tdr16hg,0,0
tdr16hh,0,0
tdr16hj,0,0
tdr16hk,0,0
tdr16hm,0,0
tdr16hn,0,0
tdr16hp,0,0
tdr16hq,0,0
tdr16hr,0,0
tdr16hs,0,0
tdr16ht,0,0
tdr16hu,0,0
tdr16hv,0,0
tdr16hw,0,0
tdr16hx,0,0
tdr16hy,0,0
tdr16hz,0,0
tdr16j0,0,0
tdr16j1,0,0
tdr16j2,0,0
tdr16j3,0,0
tdr16j4,0,0
tdr16j5,0,0
tdr16j6,0,0
tdr16j7,0,0
tdr16j8,0,0
tdr16j9,0,0
tdr16jb,0,0
tdr16jc,0,0
tdr16jd,0,0
tdr16je,0,0
tdr16jf,0,0
tdr16jg,0,0
tdr16jh,0,0
tdr16jj,0,0
tdr16jk,0,0
tdr16jm,0,0
tdr16jn,0,0
tdr16jp,0,0
tdr16jq,0,0
tdr16jr,0,0
tdr16js,0,0
tdr16jt,0,0
tdr16ju,0,0
tdr16jv,0,0
tdr16jw,0,0
tdr16jx,0,0
tdr16jy,0,0
tdr16jz,0,0
tdr16k0,0,0
tdr16k1,0,0
tdr16k2,0,0
tdr16k3,0,0
tdr16k4,0,0
tdr16k5,0,0
tdr16k6,0,0
tdr16k7,0,0
tdr16k8,0,0
tdr16k9,0,0
tdr16kb,0,0
tdr16kc,0,0
tdr16kd,0,0
tdr16ke,0,0
tdr16kf,0,0
tdr16kg,0,0
tdr16kh,0,0
tdr16kj,0,0
tdr16kk,0,0
tdr16km,0,0
tdr16kn,0,0
tdr16kp,0,0
tdr16kq,0,0
tdr16kr,0,0
tdr16ks,0,0
tdr16kt,0,0
tdr16ku,0,0
tdr16kv,0,0
tdr16kw,0,0
tdr16kx,0,0
tdr16ky,0,0
tdr16kz,0,0
tdr16m0,0,0
tdr16m1,0,0
tdr16m2,0,0
tdr16m3,0,0
tdr16m4,0,0
tdr16m5,0,0
tdr16m6,0,0
tdr16m7,0,0
tdr16m8,0,0
tdr16m9,0,0
tdr16mb,0,0
tdr16mc,0,0
tdr16md,0,0
tdr16me,0,0
tdr16mf,0,0
tdr16mg,0,0
tdr16mh,0,0
tdr16mj,0,0
tdr16mk,0,0
tdr16mm,0,0
tdr16mn,0,0
tdr16mp,0,0
tdr16mq,0,0
tdr16mr,0,0
tdr16ms,0,0
tdr16mt,0,0
tdr16mu,0,0
tdr16mv,0,0
tdr16mw,0,0
tdr16mx,0,0
tdr16my,0,0
tdr16mz,0,0
tdr16n0,0,0
tdr16n1,0,0
tdr16n2,0,0
tdr16n3,0,0
tdr16n4,0,0
tdr16n5,0,0
tdr16n6,0,0
tdr16n7,0,0
tdr16n8,0,0
tdr16n9,0,0
tdr16nb,0,0
tdr16nc,0,0
tdr16nd,0,0
tdr16ne,0,0
tdr16nf,0,0
tdr16ng,0,0
tdr16nh,0,0
tdr16nj,0,0
tdr16nk,0,0
tdr16nm,0,0
tdr16nn,0,0
tdr16np,0,0
tdr16nq,0,0
tdr16nr,0,0
tdr16ns,0,0
tdr16nt,0,0
tdr16nu,0,0
tdr16nv,0,0
tdr16nw,0,0
tdr16nx,0,0
tdr16ny,0,0
tdr16nz,0,0
tdr16p0,0,0
tdr16p1,0,0
tdr16p2,0,0
tdr16p3,0,0
tdr16p4,0,0
tdr16p5,0,0
tdr16p6,0,0
tdr16p7,0,0
tdr16p8,0,0
tdr16p9,0,0
tdr16pb,0,0
tdr16pc,0,0
tdr16pd,0,0
tdr16pe,0,0
tdr16pf,0,0
tdr16pg,0,0
tdr16ph,0,0
tdr16pj,0,0
tdr16pk,0,0
tdr16pm,0,0
tdr16pn,0,0
tdr16pp,0,0
tdr16pq,0,0
tdr16pr,0,0
tdr16ps,0,0
tdr16pt,0,0
tdr16pu,0,0
tdr16pv,0,0
tdr16pw,0,0
tdr16px,0,0
tdr16py,0,0
tdr16pz,0,0
tdr16q0,0,0
tdr16q1,0,0
tdr16q2,0,0
tdr16q3,0,0
tdr16q4,0,0
tdr16q5,0,0
tdr16q6,0,0
tdr16q7,0,0
tdr16q8,0,0
tdr16q9,0,0
tdr16qb,0,0
tdr16qc,0,0
tdr16qd,0,0
tdr16qe,0,0
tdr16qf,0,0
tdr16qg,0,0
tdr16qh,0,0
tdr16qj,0,0
tdr16qk,0,0
tdr16qm,0,0
tdr16qn,0,0
tdr16qp,0,0
tdr16qq,0,0
tdr16qr,0,0
tdr16qs,0,0
tdr16qt,0,0
tdr16qu,0,0
tdr16qv,0,0
tdr16qw,0,0
tdr16qx,0,0
tdr16qy,0,0
tdr16qz,0,0
tdr16r0,0,0
tdr16r1,0,0
tdr16r2,0,0
tdr16r3,0,0
tdr16r4,0,0
tdr16r5,0,0
tdr16r6,0,0
tdr16r7,0,0
tdr16r8,0,0
tdr16r9,0,0
tdr16rb,0,0
tdr16rc,0,0
tdr16rd,0,0
tdr16re,0,0
tdr16rf,0,0
tdr16rg,0,0
tdr16rh,0,0
tdr16rj,0,0
tdr16rk,0,0
tdr16rm,0,0
tdr16rn,0,0
tdr16rp,0,0
tdr16rq,0,0
tdr16rr,0,0
tdr16rs,0,0
tdr16rt,0,0
tdr16ru,0,0
tdr16rv,0,0
tdr16rw,0,0
tdr16rx,0,0
tdr16ry,0,0
tdr16rz,0,0
tdr16s0,0,0
tdr16s1,0,0
tdr16s2,0,0
tdr16s3,0,0
tdr16s4,0,0
tdr16s5,0,0
tdr16s6,0,0
tdr16s7,0,0
tdr16s8,0,0
tdr16s9,0,0
tdr16sb,0,0
tdr16sc,0,0
tdr16sd,0,0
tdr16se,0,0
tdr16sf,0,0
tdr16sg,0,0
tdr16sh,0,0
tdr16sj,0,0
tdr16sk,0,0
tdr16sm,0,0
tdr16sn,0,0
tdr16sp,0,0
tdr16sq,0,0
tdr16sr,0,0
tdr16ss,0,0
tdr16st,0,0
tdr16su,0,0
tdr16sv,0,0
tdr16sw,0,0
tdr16sx,0,0
tdr16sy,0,0
tdr16sz,0,0
tdr16t0,0,0
tdr16t1,0,0
tdr16t2,0,0
tdr16t3,0,0
tdr16t4,0,0
tdr16t5,0,0
tdr16t6,0,0
tdr16t7,0,0
tdr16t8,0,0
tdr16t9,0,0
tdr16tb,0,0
tdr16tc,0,0
tdr16td,0,0
tdr16te,0,0
tdr16tf,0,0
tdr16tg,0,0
tdr16th,0,0
tdr16tj,0,0
tdr16tk,0,0
tdr16tm,0,0
tdr16tn,0,0
tdr16tp,0,0
tdr16tq,0,0
tdr16tr,0,0
tdr16ts,0,0
tdr16tt,0,0
tdr16tu,0,0
tdr16tv,0,0
tdr16tw,0,0
tdr16tx,0,0
tdr16ty,0,0
tdr16tz,0,0
tdr16u0,0,0
tdr16u1,0,0
tdr16u2,0,0
tdr16u3,0,0
tdr16u4,0,0
tdr16u5,0,0
tdr16u6,0,0
tdr16u7,0,0
tdr16u8,0,0
tdr16u9,0,0
tdr16ub,0,0
tdr16uc,0,0
tdr16ud,0,0
tdr16ue,0,0
tdr16uf,0,0
tdr16ug,0,0
tdr16uh,0,0
tdr16uj,0,0
tdr16uk,0,0
tdr16um,0,0
tdr16un,0,0
tdr16up,0,0
tdr16uq,0,0
tdr16ur,0,0
tdr16us,0,0
tdr16ut,0,0
tdr16uu,0,0
tdr16uv,0,0
tdr16uw,0,0
tdr16ux,0,0
tdr16uy,0,0
tdr16uz,0,0
tdr16v0,0,0
tdr16v1,0,0
tdr16v2,0,0
tdr16v3,0,0
tdr16v4,0,0
tdr16v5,0,0
tdr16v6,0,0
tdr16v7,0,0
tdr16v8,0,0
tdr16v9,0,0
tdr16vb,0,0
tdr16vc,0,0
tdr16vd,0,0
tdr16ve,0,0
tdr16vf,0,0
tdr16vg,0,0
tdr16vh,0,0
tdr16vj,0,0
tdr16vk,0,0
tdr16vm,0,0
tdr16vn,0,0
tdr16vp,0,0
tdr16vq,0,0
tdr16vr,0,0
tdr16vs,0,0
tdr16vt,0,0
tdr16vu,0,0
tdr16vv,0,0
tdr16vw,0,0
tdr16vx,0,0
tdr16vy,0,0
tdr16vz,0,0
tdr16w0,0,0
tdr16w1,0,0
tdr16w2,0,0
tdr16w3,0,0
tdr16w4,0,0
tdr16w5,0,0
tdr16w6,0,0
tdr16w7,0,0
tdr16w8,0,0
tdr16w9,0,0
tdr16wb,0,0
tdr16wc,0,0
tdr16wd,0,0
tdr16we,0,0
tdr16wf,0,0
tdr16wg,0,0
tdr16wh,0,0
tdr16wj,0,0
tdr16wk,0,0
tdr16wm,0,0
tdr16wn,0,0
tdr16wp,0,0
tdr16wq,0,0
tdr16wr,0,0
tdr16ws,0,0
tdr16wt,0,0
tdr16wu,0,0
tdr16wv,0,0
tdr16ww,0,0
tdr16wx,0,0
tdr16wy,0,0
tdr16wz,0,0
tdr16x0,0,0
tdr16x1,0,0
tdr16x2,0,0
tdr16x3,0,0
tdr16x4,0,0
tdr16x5,0,0
tdr16x6,0,0
tdr16x7,0,0
tdr16x8,0,0
tdr16x9,0,0
tdr16xb,0,0
tdr16xc,0,0
tdr16xd,0,0
tdr16xe,0,0
tdr16xf,0,0
tdr16xg,0,0
tdr16xh,0,0
tdr16xj,0,0
tdr16xk,0,0
tdr16xm,0,0
tdr16xn,0,0
tdr16xp,0,0
tdr16xq,0,0
tdr16xr,0,0
tdr16xs,0,0
tdr16xt,0,0
tdr16xu,0,0
tdr16xv,0,0
tdr16xw,0,0
tdr16xx,0,0
tdr16xy,0,0
tdr16xz,0,0
tdr16y0,0,0
tdr16y1,0,0
tdr16y2,0,0
tdr16y3,0,0
tdr16y4,0,0
tdr16y5,0,0
tdr16y6,0,0
tdr16y7,0,0
tdr16y8,0,0
tdr16y9,0,0
tdr16yb,0,0
tdr16yc,0,0
tdr16yd,0,0
tdr16ye,0,0
tdr16yf,0,0
tdr16yg,0,0
tdr16yh,0,0
tdr16yj,0,0
tdr16yk,0,0
tdr16ym,0,0
tdr16yn,0,0
tdr16yp,0,0
tdr16yq,0,0
tdr16yr,0,0
tdr16ys,0,0
tdr16yt,0,0
tdr16yu,0,0
tdr16yv,0,0
tdr16yw,0,0
tdr16yx,0,0
tdr16yy,0,0
tdr16yz,0,0
tdr16z0,0,0
tdr16z1,0,0
tdr16z2,0,0
tdr16z3,0,0
tdr16z4,0,0
tdr16z5,0,0
tdr16z6,0,0
tdr16z7,0,0
tdr16z8,0,0
tdr16z9,0,0
tdr16zb,0,0
tdr16zc,0,0
tdr16zd,0,0
tdr16ze,0,0
tdr16zf,0,0
tdr16zg,0,0
tdr16zh,0,0
tdr16zj,0,0
tdr16zk,0,0
tdr16zm,0,0
tdr16zn,0,0
tdr16zp,0,0
tdr16zq,0,0
tdr16zr,0,0
tdr16zs,0,0
tdr16zt,0,0
tdr16zu,0,0
tdr16zv,0,0
tdr16zw,0,0
tdr16zx,0,0
tdr16zy,0,0
tdr16zz,0,0
tdr1700,0,0
tdr1701,0,0
tdr1702,0,0
tdr1703,0,0
tdr1704,0,0
tdr1705,0,0
tdr1706,0,0
tdr1707,0,0
tdr1708,0,0
tdr1709,0,0
tdr170b,0,0
tdr170c,0,0
tdr170d,0,0
tdr170e,0,0
tdr170f,0,0
tdr170g,0,0
tdr170h,0,0
tdr170j,0,0
tdr170k,0,0
tdr170m,0,0
tdr170n,0,0
tdr170p,0,0
tdr170q,0,0
tdr170r,0,0
tdr170s,0,0
tdr170t,0,0
tdr170u,0,0
tdr170v,0,0
tdr170w,0,0
tdr170x,0,0
tdr170y,0,0
tdr170z,0,0
tdr1710,0,0
tdr1711,0,0
tdr1712,0,0
tdr1713,0,0
tdr1714,0,0
tdr1715,0,0
tdr1716,0,0
tdr1717,0,0
tdr1718,0,0
tdr1719,0,0
tdr171b,0,0
tdr171c,0,0
tdr171d,0,0
tdr171e,0,0
tdr171f,0,0
tdr171g,0,0
tdr171h,0,0
tdr171j,0,0
tdr171k,0,0
tdr171m,0,0
tdr171n,0,0
tdr171p,0,0
tdr171q,0,0
tdr171r,0,0
tdr171s,0,0
tdr171t,0,0
tdr171u,0,0
tdr171v,0,0
tdr171w,0,0
tdr171x,0,0
tdr171y,0,0
tdr171z,0,0
tdr1720,0,0
tdr1721,0,0
tdr1722,0,0
tdr1723,0,0
tdr1724,0,0
tdr1725,0,0
tdr1726,0,0
tdr1727,0,0
tdr1728,0,0
tdr1729,0,0
tdr172b,0,0
tdr172c,0,0
tdr172d,0,0
tdr172e,0,0
tdr172f,0,0
tdr172g,0,0
tdr172h,0,0
tdr172j,0,0
tdr172k,0,0
tdr172m,0,0
tdr172n,0,0
tdr172p,0,0
tdr172q,0,0
tdr172r,0,0
tdr172s,0,0
tdr172t,0,0
tdr172u,0,0
tdr172v,0,0
tdr172w,0,0
tdr172x,0,0
tdr172y,0,0
tdr172z,0,0
tdr1730,0,0
tdr1731,0,0
tdr1732,0,0
tdr1733,0,0
tdr1734,0,0
tdr1735,0,0
tdr1736,0,0
tdr1737,0,0
tdr1738,0,0
tdr1739,0,0
tdr173b,0,0
tdr173c,0,0
tdr173d,0,0
tdr173e,0,0
tdr173f,0,0
tdr173g,0,0
tdr173h,0,0
tdr173j,0,0
tdr173k,0,0
tdr173m,0,0
tdr173n,0,0
tdr173p,0,0
tdr173q,0,0
tdr173r,0,0
tdr173s,0,0
tdr173t,0,0
tdr173u,0,0
tdr173v,0,0
tdr173w,0,0
tdr173x,0,0
tdr173y,0,0
tdr173z,0,0
tdr1740,0,0
tdr1741,0,0
tdr1742,0,0
tdr1743,0,0
tdr1744,0,0
tdr1745,0,0
tdr1746,0,0
tdr1747,0,0
tdr1748,0,0
tdr1749,0,0
tdr174b,0,0
tdr174c,0,0
tdr174d,0,0
tdr174e,0,0
tdr174f,0,0
tdr174g,0,0
tdr174h,0,0
tdr174j,0,0
tdr174k,0,0
tdr174m,0,0
tdr174n,0,0
tdr174p,0,0
tdr174q,0,0
tdr174r,0,0
tdr174s,0,0
tdr174t,0,0
tdr174u,0,0
tdr174v,0,0
tdr174w,0,0
tdr174x,0,0
tdr174y,0,0
tdr174z,0,0
tdr1750,0,0
tdr1751,0,0
tdr1752,0,0
tdr1753,0,0
tdr1754,0,0
tdr1755,0,0
tdr1756,0,0
tdr1757,0,0
tdr1758,0,0
tdr1759,0,0
tdr175b,0,0
tdr175c,0,0
tdr175d,0,0
tdr175e,0,0
tdr175f,0,0
tdr175g,0,0
tdr175h,0,0
tdr175j,0,0
tdr175k,0,0
tdr175m,0,0
tdr175n,0,0
tdr175p,0,0
tdr175q,0,0
tdr175r,0,0
tdr175s,0,0
tdr175t,0,0
tdr175u,0,0
tdr175v,0,0
tdr175w,0,0
tdr175x,0,0
tdr175y,0,0
tdr175z,0,0
tdr1760,0,0
tdr1761,0,0
tdr1762,0,0
tdr1763,0,0
tdr1764,0,0
tdr1765,0,0
tdr1766,0,0
tdr1767,0,0
tdr1768,0,0
tdr1769,0,0
tdr176b,0,0
tdr176c,0,0
tdr176d,0,0
tdr176e,0,0
tdr176f,0,0
tdr176g,0,0
tdr176h,0,0
tdr176j,0,0
tdr176k,0,0
tdr176m,0,0
tdr176n,0,0
tdr176p,2004,123
tdr176q,0,0
tdr176r,2004,123
tdr176s,0,0
tdr176t,0,0
tdr176u,0,0
tdr176v,0,0
tdr176w,2004,123
tdr176x,2004,123
tdr176y,2004,123
tdr176z,2004,123
tdr1770,0,0
tdr1771,0,0
tdr1772,0,0
tdr1773,0,0
tdr1774,0,0
tdr1775,0,0
tdr1776,0,0
tdr1777,0,0
tdr1778,0,0
tdr1779,0,0
tdr177b,0,0
tdr177c,0,0
tdr177d,0,0
tdr177e,0,0
tdr177f,0,0
tdr177g,0,0
tdr177h,0,0
tdr177j,2004,123
tdr177k,0,0
tdr177m,2004,123
tdr177n,2004,123
tdr177p,2004,123
tdr177q,2004,123
tdr177r,2004,123
tdr177s,0,0
tdr177t,2004,123
tdr177u,0,0
tdr177v,2004,123
tdr177w,2004,123
tdr177x,2004,123
tdr177y,2004,123
tdr177z,2004,123
tdr1780,0,0
tdr1781,0,0
tdr1782,0,0
tdr1783,0,0
tdr1784,0,0
tdr1785,0,0
tdr1786,0,0
tdr1787,0,0
tdr1788,0,0
tdr1789,0,0
tdr178b,0,0
tdr178c,0,0
tdr178d,0,0
tdr178e,0,0
tdr178f,0,0
tdr178g,0,0
tdr178h,0,0
tdr178j,0,0
tdr178k,0,0
tdr178m,0,0
tdr178n,0,0
tdr178p,0,0
tdr178q,0,0
tdr178r,0,0
tdr178s,0,0
tdr178t,0,0
tdr178u,2004,123
tdr178v,2004,123
tdr178w,2004,123
tdr178x,2004,123
tdr178y,2004,123
tdr178z,2004,123
tdr1790,0,0
tdr1791,0,0
tdr1792,0,0
tdr1793,0,0
tdr1794,0,0
tdr1795,2004,123
tdr1796,2004,123
tdr1797,2004,123
tdr1798,0,0
tdr1799,2004,123
tdr179b,2004,123
tdr179c,2004,123
tdr179d,2004,123
tdr179e,2004,123
tdr179f,2004,123
tdr179g,2004,123
tdr179h,2004,123
tdr179j,2004,123
tdr179k,2004,123
tdr179m,2004,123
tdr179n,2004,123
tdr179p,2004,123
tdr179q,2004,123
tdr179r,2004,123
tdr179s,2004,123
tdr179t,2004,123
tdr179u,2004,123
tdr179v,2004,123
tdr179w,2004,123
tdr179x,2004,123
tdr179y,2004,123
tdr179z,2004,123
tdr17b0,0,0
tdr17b1,0,0
tdr17b2,2004,123
tdr17b3,2004,123
tdr17b4,2004,123
tdr17b5,2004,123
tdr17b6,2004,123
tdr17b7,2004,123
tdr17b8,2004,123
tdr17b9,2004,123
tdr17bb,2004,123
tdr17bc,2004,123
tdr17bd,2004,123
tdr17be,2004,123
tdr17bf,2004,123
tdr17bg,2004,123
tdr17bh,2004,123
tdr17bj,4047,154
tdr17bk,2004,123
tdr17bm,4967,158
tdr17bn,4967,158
tdr17bp,4967,158
tdr17bq,4967,158
tdr17br,4967,158
tdr17bs,3368,138
tdr17bt,4967,158
tdr17bu,3368,138
tdr17bv,3368,138
tdr17bw,4967,158
tdr17bx,4967,158
tdr17by,4967,158
tdr17bz,4967,158
tdr17c0,2004,123
tdr17c1,2004,123
tdr17c2,2004,123
tdr17c3,2004,123
tdr17c4,2004,123
tdr17c5,3368,138
tdr17c6,2004,123
tdr17c7,3368,138
tdr17c8,2004,123
tdr17c9,2004,123
tdr17cb,2004,123
tdr17cc,2004,123
tdr17cd,3368,138
tdr17ce,3368,138
tdr17cf,3368,138
tdr17cg,3368,138
tdr17ch,3368,138
tdr17cj,3368,138
tdr17ck,3368,138
tdr17cm,3368,138
tdr17cn,4967,158
tdr17cp,4967,158
tdr17cq,4967,158
tdr17cr,4967,158
tdr17cs,3368,138
tdr17ct,3368,138
tdr17cu,3368,138
tdr17cv,3368,138
tdr17cw,3368,138
tdr17cx,4967,158
tdr17cy,3368,138
tdr17cz,4967,158
tdr17d0,2004,123
tdr17d1,2004,123
tdr17d2,2004,123
tdr17d3,2004,123
tdr17d4,2004,123
tdr17d5,2004,123
tdr17d6,2004,123
tdr17d7,2004,123
tdr17d8,2004,123
tdr17d9,2004,123
tdr17db,2004,123
tdr17dc,2004,123
tdr17dd,2004,123
tdr17de,2004,123
tdr17df,2004,123
tdr17dg,2004,123
tdr17dh,2004,123
tdr17dj,2004,123
tdr17dk,2004,123
tdr17dm,2004,123
tdr17dn,2004,123
tdr17dp,2004,123
tdr17dq,2004,123
tdr17dr,2004,123
tdr17ds,2004,123
tdr17dt,2004,123
tdr17du,2004,123
tdr17dv,2004,123
tdr17dw,2004,123
tdr17dx,2004,123
tdr17dy,2004,123
tdr17dz,2004,123
tdr17e0,2004,123
tdr17e1,2004,123
tdr17e2,2004,123
tdr17e3,2004,123
tdr17e4,2004,123
tdr17e5,2004,123
tdr17e6,2004,123
tdr17e7,2004,123
tdr17e8,2004,123
tdr17e9,2004,123
tdr17eb,2004,123
tdr17ec,2004,123
tdr17ed,2004,123
tdr17ee,2004,123
tdr17ef,2004,123
tdr17eg,2004,123
tdr17eh,2004,123
tdr17ej,2004,123
tdr17ek,2004,123
tdr17em,2004,123
tdr17en,2004,123
tdr17ep,2004,123
tdr17eq,2004,123
tdr17er,2004,123
tdr17es,2004,123
tdr17et,2004,123
tdr17eu,2004,123
tdr17ev,2004,123
tdr17ew,2004,123
tdr17ex,2004,123
tdr17ey,2727,127
tdr17ez,2727,127
tdr17f0,2004,123
tdr17f1,2004,123
tdr17f2,2004,123
tdr17f3,2004,123
tdr17f4,3368,138
tdr17f5,3368,138
tdr17f6,3368,138
tdr17f7,3368,138
tdr17f8,2004,123
tdr17f9,2004,123
tdr17fb,2004,123
tdr17fc,2004,123
tdr17fd,3368,138
tdr17fe,3368,138
tdr17ff,3368,138
tdr17fg,3368,138
tdr17fh,3368,138
tdr17fj,3368,138
tdr17fk,3368,138
tdr17fm,3368,138
tdr17fn,3368,138
tdr17fp,3368,138
tdr17fq,3368,138
tdr17fr,3368,138
tdr17fs,3368,138
tdr17ft,3368,138
tdr17fu,3368,138
tdr17fv,3368,138
tdr17fw,3368,138
tdr17fx,3368,138
tdr17fy,3368,138
tdr17fz,3368,138
tdr17g0,2004,123
tdr17g1,3368,138
tdr17g2,2004,123
tdr17g3,3368,138
tdr17g4,3368,138
tdr17g5,3368,138
tdr17g6,3368,138
tdr17g7,3916,140
tdr17g8,2727,127
tdr17g9,2727,127
tdr17gb,2727,127
tdr17gc,2727,127
tdr17gd,3916,140
tdr17ge,3916,140
tdr17gf,3916,140
tdr17gg,3916,140
tdr17gh,3368,138
tdr17gj,3368,138
tdr17gk,3916,140
tdr17gm,3916,140
tdr17gn,3368,138
tdr17gp,3368,138
tdr17gq,3916,140
tdr17gr,3916,140
tdr17gs,3916,140
tdr17gt,3916,140
tdr17gu,3916,140
tdr17gv,3916,140
tdr17gw,3916,140
tdr17gx,3916,140
tdr17gy,5131,161
tdr17gz,5131,161
tdr17h0,0,0
tdr17h1,0,0
tdr17h2,0,0
tdr17h3,0,0
tdr17h4,0,0
tdr17h5,0,0
tdr17h6,0,0
tdr17h7,0,0
tdr17h8,0,0
tdr17h9,0,0
tdr17hb,0,0
tdr17hc,0,0
tdr17hd,0,0
tdr17he,0,0
tdr17hf,0,0
tdr17hg,0,0
tdr17hh,0,0
tdr17hj,0,0
tdr17hk,0,0
tdr17hm,0,0
tdr17hn,0,0
tdr17hp,0,0
tdr17hq,0,0
tdr17hr,0,0
tdr17hs,0,0
tdr17ht,0,0
tdr17hu,0,0
tdr17hv,0,0
tdr17hw,0,0
tdr17hx,0,0
tdr17hy,0,0
tdr17hz,0,0
tdr17j0,0,0
tdr17j1,0,0
tdr17j2,0,0
tdr17j3,0,0
tdr17j4,0,0
tdr17j5,0,0
tdr17j6,0,0
tdr17j7,0,0
tdr17j8,0,0
tdr17j9,0,0
tdr17jb,0,0
tdr17jc,0,0
tdr17jd,0,0
tdr17je,0,0
tdr17jf,0,0
tdr17jg,0,0
tdr17jh,0,0
tdr17jj,0,0
tdr17jk,0,0
tdr17jm,0,0
tdr17jn,0,0
tdr17jp,0,0
tdr17jq,0,0
tdr17jr,0,0
tdr17js,0,0
tdr17jt,0,0
tdr17ju,0,0
tdr17jv,0,0
tdr17jw,0,0
tdr17jx,0,0
tdr17jy,0,0
tdr17jz,0,0
tdr17k0,0,0
tdr17k1,0,0
tdr17k2,0,0
tdr17k3,0,0
tdr17k4,0,0
tdr17k5,0,0
tdr17k6,0,0
tdr17k7,0,0
tdr17k8,0,0
tdr17k9,0,0
tdr17kb,0,0
tdr17kc,0,0
tdr17kd,0,0
tdr17ke,0,0
tdr17kf,0,0
tdr17kg,0,0
tdr17kh,2004,123
tdr17kj,2004,123
tdr17kk,2004,123
tdr17km,2004,123
tdr17kn,2004,123
tdr17kp,2004,123
tdr17kq,2004,123
tdr17kr,2004,123
tdr17ks,2004,123
tdr17kt,2004,123
tdr17ku,2004,123
tdr17kv,2004,123
tdr17kw,2004,123
tdr17kx,2004,123
tdr17ky,2004,123
tdr17kz,2004,123
tdr17m0,0,0
tdr17m1,0,0
tdr17m2,0,0
tdr17m3,0,0
tdr17m4,0,0
tdr17m5,0,0
tdr17m6,0,0
tdr17m7,0,0
tdr17m8,0,0
tdr17m9,0,0
tdr17mb,0,0
tdr17mc,0,0
tdr17md,0,0
tdr17me,0,0
tdr17mf,0,0
tdr17mg,0,0
tdr17mh,2004,123
tdr17mj,2004,123
tdr17mk,2004,123
tdr17mm,2004,123
tdr17mn,2004,123
tdr17mp,2004,123
tdr17mq,2004,123
tdr17mr,2004,123
tdr17ms,2004,123
tdr17mt,2004,123
tdr17mu,0,0
tdr17mv,2004,123
tdr17mw,2004,123
tdr17mx,2727,127
tdr17my,2004,123
tdr17mz,4095,154
tdr17n0,0,0
tdr17n1,0,0
tdr17n2,0,0
tdr17n3,0,0
tdr17n4,0,0
tdr17n5,0,0
tdr17n6,0,0
tdr17n7,0,0
tdr17n8,0,0
tdr17n9,0,0
tdr17nb,0,0
tdr17nc,0,0
tdr17nd,0,0
tdr17ne,0,0
tdr17nf,0,0
tdr17ng,0,0
tdr17nh,0,0
tdr17nj,0,0
tdr17nk,0,0
tdr17nm,0,0
tdr17nn,0,0
tdr17np,0,0
tdr17nq,0,0
tdr17nr,0,0
tdr17ns,0,0
tdr17nt,0,0
tdr17nu