geo_hash,locality
tdr15rz,Zone 18 - Bangalore
tdr15vf,Zone 18 - Bangalore
tdr15vg,Zone 18 - Bangalore
tdr15vr,Zone 18 - Bangalore
tdr15vt,Zone 18 - Bangalore
tdr15vu,Zone 18 - Bangalore
tdr15vv,Zone 18 - Bangalore
tdr15vw,Zone 18 - Bangalore
tdr15vx,Zone 18 - Bangalore
tdr15vy,Zone 18 - Bangalore
tdr15vz,Zone 18 - Bangalore
tdr15wg,Zone 18 - Bangalore
tdr15wq,Zone 18 - Bangalore
tdr15wr,Zone 18 - Bangalore
tdr15wt,Zone 18 - Bangalore
tdr15wu,Zone 18 - Bangalore
tdr15wv,Zone 18 - Bangalore
tdr15ww,Zone 18 - Bangalore
tdr15wx,Zone 18 - Bangalore
tdr15wy,Zone 18 - Bangalore
tdr15wz,Zone 18 - Bangalore
tdr15x2,Zone 18 - Bangalore
tdr15x3,Zone 18 - Bangalore
tdr15x4,Zone 18 - Bangalore
tdr15x5,Zone 18 - Bangalore
tdr15x6,Zone 18 - Bangalore
tdr15x7,Zone 18 - Bangalore
tdr15x8,Zone 18 - Bangalore
tdr15x9,Zone 18 - Bangalore
tdr15xb,Zone 18 - Bangalore
tdr15xc,Zone 18 - Bangalore
tdr15xd,Zone 18 - Bangalore
tdr15xe,Zone 18 - Bangalore
tdr15xf,Zone 18 - Bangalore
tdr15xg,Zone 18 - Bangalore
tdr15xh,Zone 18 - Bangalore
tdr15xj,Zone 18 - Bangalore
tdr15xk,Zone 18 - Bangalore
tdr15xm,Zone 18 - Bangalore
tdr15xn,Zone 18 - Bangalore
tdr15xp,Zone 18 - Bangalore
tdr15xq,Zone 18 - Bangalore
tdr15xr,Zone 18 - Bangalore
tdr15xs,Zone 18 - Bangalore
tdr15xt,Zone 18 - Bangalore
tdr15xu,Zone 18 - Bangalore
tdr15xv,Zone 18 - Bangalore
tdr15xw,Zone 18 - Bangalore
tdr15xx,Zone 18 - Bangalore
tdr15xy,Zone 18 - Bangalore
tdr15xz,Zone 18 - Bangalore
tdr15y0,Zone 18 - Bangalore
tdr15y1,Zone 18 - Bangalore
tdr15y2,Zone 18 - Bangalore
tdr15y3,Zone 18 - Bangalore
tdr15y4,Zone 18 - Bangalore
tdr15y5,Zone 18 - Bangalore
tdr15y6,Zone 18 - Bangalore
tdr15y7,Zone 18 - Bangalore
tdr15y8,Zone 18 - Bangalore
tdr15y9,Zone 18 - Bangalore
tdr15yb,Zone 18 - Bangalore
tdr15yc,Zone 18 - Bangalore
tdr15yd,Zone 18 - Bangalore
tdr15ye,Zone 18 - Bangalore
tdr15yf,Zone 18 - Bangalore
tdr15yg,Zone 18 - Bangalore
tdr15yh,Zone 18 - Bangalore
tdr15yj,Zone 18 - Bangalore
tdr15yk,Zone 18 - Bangalore
tdr15ym,Zone 18 - Bangalore
tdr15yn,Zone 18 - Bangalore
tdr15yp,Zone 18 - Bangalore
tdr15yq,Zone 18 - Bangalore
tdr15yr,Zone 18 - Bangalore
tdr15ys,Zone 18 - Bangalore
tdr15yt,Zone 18 - Bangalore
tdr15yu,Zone 18 - Bangalore
tdr15yv,Zone 18 - Bangalore
tdr15yw,Zone 18 - Bangalore
tdr15yx,Zone 18 - Bangalore
tdr15yy,Zone 18 - Bangalore
tdr15yz,Zone 18 - Bangalore
tdr15z0,Zone 18 - Bangalore
tdr15z1,Zone 18 - Bangalore
tdr15z2,Zone 18 - Bangalore
tdr15z3,Zone 18 - Bangalore
tdr15z4,Zone 18 - Bangalore
tdr15z5,Zone 18 - Bangalore
tdr15z6,Zone 18 - Bangalore
tdr15z7,Zone 18 - Bangalore
tdr15z8,Zone 18 - Bangalore
tdr15z9,Zone 18 - Bangalore
tdr15zb,Zone 18 - Bangalore
tdr15zc,Zone 18 - Bangalore
tdr15zd,Zone 18 - Bangalore
tdr15ze,Zone 18 - Bangalore
tdr15zf,Zone 18 - Bangalore
tdr15zg,Zone 18 - Bangalore
tdr15zh,Zone 18 - Bangalore
tdr15zj,Zone 18 - Bangalore
tdr15zk,Zone 18 - Bangalore
tdr15zm,Zone 18 - Bangalore
tdr15zn,Zone 18 - Bangalore
tdr15zp,Zone 18 - Bangalore
tdr15zq,Zone 18 - Bangalore
tdr15zr,Zone 18 - Bangalore
tdr15zs,Zone 18 - Bangalore
tdr15zt,Zone 18 - Bangalore
tdr15zu,Zone 18 - Bangalore
tdr15zv,Zone 18 - Bangalore
tdr15zw,Zone 18 - Bangalore
tdr15zx,Zone 18 - Bangalore
tdr15zy,Zone 18 - Bangalore
tdr15zz,Zone 18 - Bangalore
tdr16gy,Zone 20 - Bangalore
tdr16gz,Zone 20 - Bangalore
tdr16uj,Zone 20 - Bangalore
tdr16um,Zone 20 - Bangalore
tdr16un,Zone 20 - Bangalore
tdr16up,Zone 20 - Bangalore
tdr16uq,Zone 20 - Bangalore
tdr16ur,Zone 20 - Bangalore
tdr16us,Zone 20 - Bangalore
tdr16ut,Zone 20 - Bangalore
tdr16uu,Zone 20 - Bangalore
tdr16uv,Zone 20 - Bangalore
tdr16uw,Zone 20 - Bangalore
tdr16ux,Zone 20 - Bangalore
tdr16uy,Zone 20 - Bangalore
tdr16uz,Zone 20 - Bangalore
tdr16ve,Zone 21 - Bangalore
tdr16vf,Zone 21 - Bangalore
tdr16vg,Zone 21 - Bangalore
tdr16vh,Zone 20 - Bangalore
tdr16vj,Zone 20 - Bangalore
tdr16vk,Zone 21 - Bangalore
tdr16vm,Zone 20 - Bangalore
tdr16vn,Zone 20 - Bangalore
tdr16vp,Zone 20 - Bangalore
tdr16vq,Zone 20 - Bangalore
tdr16vr,Zone 20 - Bangalore
tdr16vs,Zone 21 - Bangalore
tdr16vt,Zone 21 - Bangalore
tdr16vu,Zone 21 - Bangalore
tdr16vv,Zone 21 - Bangalore
tdr16vx,Zone 20 - Bangalore
tdr16vy,Zone 21 - Bangalore
tdr16vz,Zone 21 - Bangalore
tdr16y4,Zone 21 - Bangalore
tdr16y5,Zone 21 - Bangalore
tdr16y6,Zone 21 - Bangalore
tdr16y7,Zone 21 - Bangalore
tdr16yd,Zone 21 - Bangalore
tdr16ye,Zone 21 - Bangalore
tdr16yf,Zone 21 - Bangalore
tdr16yg,Zone 21 - Bangalore
tdr16yh,Zone 21 - Bangalore
tdr16yj,Zone 21 - Bangalore
tdr16yk,Zone 21 - Bangalore
tdr16ym,Zone 21 - Bangalore
tdr16yn,Zone 21 - Bangalore
tdr16yp,Zone 21 - Bangalore
tdr16yq,Zone 21 - Bangalore
tdr16yr,Zone 21 - Bangalore
tdr16ys,Zone 21 - Bangalore
tdr16yt,Zone 21 - Bangalore
tdr16yu,Zone 21 - Bangalore
tdr16yv,Zone 21 - Bangalore
tdr16yw,Zone 21 - Bangalore
tdr16yx,Zone 21 - Bangalore
tdr16yy,Zone 21 - Bangalore
tdr16yz,Zone 21 - Bangalore
tdr16z4,Zone 21 - Bangalore
tdr16z5,Zone 21 - Bangalore
tdr16z6,Zone 21 - Bangalore
tdr16z7,Zone 21 - Bangalore
tdr16ze,Zone 21 - Bangalore
tdr16zg,Zone 21 - Bangalore
tdr16zh,Zone 21 - Bangalore
tdr16zj,Zone 21 - Bangalore
tdr16zk,Zone 21 - Bangalore
tdr16zm,Zone 21 - Bangalore
tdr16zn,Zone 21 - Bangalore
tdr16zp,Zone 21 - Bangalore
tdr16zq,Zone 21 - Bangalore
tdr16zr,Zone 21 - Bangalore
tdr16zs,Zone 21 - Bangalore
tdr16zt,Zone 21 - Bangalore
tdr16zu,Zone 21 - Bangalore
tdr16zv,Zone 21 - Bangalore
tdr16zw,Zone 21 - Bangalore
tdr16zx,Zone 21 - Bangalore
tdr16zy,Zone 21 - Bangalore
tdr16zz,Zone 21 - Bangalore
tdr172p,Zone 18 - Bangalore
tdr172r,Zone 18 - Bangalore
tdr172t,Zone 20 - Bangalore
tdr172u,Zone 20 - Bangalore
tdr172v,Zone 20 - Bangalore
tdr172w,Zone 20 - Bangalore
tdr172x,Zone 18 - Bangalore
tdr172y,Zone 20 - Bangalore
tdr172z,Zone 20 - Bangalore
tdr1735,Zone 20 - Bangalore
tdr1736,Zone 20 - Bangalore
tdr1737,Zone 20 - Bangalore
tdr1739,Zone 20 - Bangalore
tdr173b,Zone 20 - Bangalore
tdr173c,Zone 20 - Bangalore
tdr173d,Zone 20 - Bangalore
tdr173e,Zone 20 - Bangalore
tdr173f,Zone 20 - Bangalore
tdr173g,Zone 20 - Bangalore
tdr173h,Zone 20 - Bangalore
tdr173j,Zone 20 - Bangalore
tdr173k,Zone 20 - Bangalore
tdr173m,Zone 20 - Bangalore
tdr173n,Zone 20 - Bangalore
tdr173p,Zone 20 - Bangalore
tdr173q,Zone 20 - Bangalore
tdr173r,Zone 20 - Bangalore
tdr173s,Zone 20 - Bangalore
tdr173t,Zone 20 - Bangalore
tdr173u,Zone 20 - Bangalore
tdr173v,Zone 20 - Bangalore
tdr173w,Zone 20 - Bangalore
tdr173x,Zone 20 - Bangalore
tdr173y,Zone 20 - Bangalore
tdr173z,Zone 20 - Bangalore
tdr174g,Zone 20 - Bangalore
tdr174m,Zone 20 - Bangalore
tdr174n,Zone 20 - Bangalore
tdr174p,Zone 20 - Bangalore
tdr174q,Zone 20 - Bangalore
tdr174r,Zone 20 - Bangalore
tdr174s,Zone 20 - Bangalore
tdr174t,Zone 20 - Bangalore
tdr174u,Zone 20 - Bangalore
tdr174v,Zone 20 - Bangalore
tdr174w,Zone 20 - Bangalore
tdr174x,Zone 20 - Bangalore
tdr174y,Zone 20 - Bangalore
tdr174z,Zone 20 - Bangalore
tdr1753,Zone 20 - Bangalore
tdr1754,Zone 20 - Bangalore
tdr1755,Zone 20 - Bangalore
tdr1756,Zone 20 - Bangalore
tdr1757,Zone 20 - Bangalore
tdr1758,Zone 20 - Bangalore
tdr1759,Zone 20 - Bangalore
tdr175b,Zone 20 - Bangalore
tdr175c,Zone 20 - Bangalore
tdr175d,Zone 20 - Bangalore
tdr175e,Zone 20 - Bangalore
tdr175f,Zone 20 - Bangalore
tdr175g,Zone 20 - Bangalore
tdr175h,Zone 20 - Bangalore
tdr175j,Zone 20 - Bangalore
tdr175k,Zone 20 - Bangalore
tdr175m,Zone 20 - Bangalore
tdr175n,Zone 20 - Bangalore
tdr175p,Zone 20 - Bangalore
tdr175q,Zone 20 - Bangalore
tdr175r,Zone 20 - Bangalore
tdr175s,Zone 20 - Bangalore
tdr175t,Zone 20 - Bangalore
tdr175u,Zone 20 - Bangalore
tdr175v,Zone 20 - Bangalore
tdr175w,Zone 20 - Bangalore
tdr175x,Zone 20 - Bangalore
tdr175y,Zone 20 - Bangalore
tdr175z,Zone 20 - Bangalore
tdr1760,Zone 20 - Bangalore
tdr1761,Zone 20 - Bangalore
tdr1762,Zone 20 - Bangalore
tdr1763,Zone 20 - Bangalore
tdr1764,Zone 20 - Bangalore
tdr1765,Zone 20 - Bangalore
tdr1766,Zone 20 - Bangalore
tdr1767,Zone 20 - Bangalore
tdr1768,Zone 20 - Bangalore
tdr1769,Zone 20 - Bangalore
tdr176b,Zone 20 - Bangalore
tdr176c,Zone 20 - Bangalore
tdr176d,Zone 20 - Bangalore
tdr176e,Zone 20 - Bangalore
tdr176f,Zone 20 - Bangalore
tdr176g,Zone 20 - Bangalore
tdr176h,Zone 20 - Bangalore
tdr176j,Zone 20 - Bangalore
tdr176k,Zone 20 - Bangalor